,Unnamed: 0,ID,adj.P.Val,P.Value,t,B,logFC,Gene.symbol,Gene.title,Gene.ID
3,3,206724_at,7.17e-05,1.39e-08,6.73063081,9.46006,0.772,CBX4,chromobox 4,8535
10,10,205574_x_at,0.000101,5.64e-08,6.34753468,8.16194,0.97,BMP1,bone morphogenetic protein 1,649
17,17,208711_s_at,0.0001231,1.01e-07,6.18860952,7.62455,1.54,CCND1,cyclin D1,595
21,21,221640_s_at,0.0001472,1.54e-07,6.07119162,7.2283,0.641,PIDD1,p53-induced death domain protein 1,55367
27,27,211593_s_at,0.0001646,2.07e-07,5.98964331,6.95358,0.587,MAST2,microtubule associated serine/threonine kinase 2,23139
53,53,214500_at,0.0003173,7.71e-07,5.62459557,5.73046,0.78,H2AFY,H2A histone family member Y,9555
55,55,219522_at,0.0003173,8.09e-07,5.61097576,5.68508,1.0,FJX1,four jointed box 1,24147
58,58,206574_s_at,0.0003603,9.59e-07,5.56349597,5.52706,1.6,PTP4A3,"protein tyrosine phosphatase type IVA, member 3",11156
61,61,213582_at,0.0003829,1.08e-06,5.53100891,5.41909,1.52,ATP11A,ATPase phospholipid transporting 11A,23250
68,68,214596_at,0.0004814,1.49e-06,5.43985805,5.11689,1.94,CHRM3,cholinergic receptor muscarinic 3,1131
72,72,207595_s_at,0.000514,1.68e-06,5.40563333,5.0037,0.807,BMP1,bone morphogenetic protein 1,649
75,75,203354_s_at,0.0005477,1.9e-06,5.37139682,4.89065,2.3,PSD3,pleckstrin and Sec7 domain containing 3,23362
76,76,203215_s_at,0.0005477,1.91e-06,5.37051576,4.88774,1.53,MYO6,myosin VI,4646
77,77,201941_at,0.0005477,1.92e-06,5.36907164,4.88298,0.679,CPD,carboxypeptidase D,1362
89,90,209962_at,0.0007564,3.1e-06,5.23331413,4.43648,1.05,EPOR,erythropoietin receptor,2057
92,93,205860_x_at,0.0007685,3.25e-06,5.22027786,4.39376,1.94,FOLH1B///FOLH1,folate hydrolase 1B///folate hydrolase (prostate-specific membrane antigen) 1,219595///2346
96,97,215054_at,0.0009602,4.26e-06,5.14287641,4.14071,0.811,RGL3///EPOR,ral guanine nucleotide dissociation stimulator like 3///erythropoietin receptor,57139///2057
98,99,211343_s_at,0.0009875,4.43e-06,5.13178916,4.10455,2.55,COL13A1,collagen type XIII alpha 1 chain,1305
102,103,204105_s_at,0.0010229,4.81e-06,5.10861946,4.02906,1.47,NRCAM,neuronal cell adhesion molecule,4897
115,116,209963_s_at,0.0013036,6.84e-06,5.00757582,3.70099,0.755,EPOR,erythropoietin receptor,2057
117,119,221882_s_at,0.0015188,8.18e-06,4.95644178,3.53573,0.858,TMEM8A,transmembrane protein 8A,58986
126,129,212831_at,0.001656,9.66e-06,4.90849993,3.38128,2.28,MEGF9,multiple EGF like domains 9,1955
130,133,200951_s_at,0.0016934,1.02e-05,4.89330519,3.33243,1.32,CCND2,cyclin D2,894
133,136,210480_s_at,0.0018953,1.17e-05,4.85278092,3.20239,1.81,MYO6,myosin VI,4646
140,143,216375_s_at,0.0020403,1.32e-05,4.81858626,3.09295,0.97,ETV5,ETS variant 5,2119
148,151,201486_at,0.002366,1.61e-05,4.75985799,2.90561,0.588,RCN2,reticulocalbin 2,5955
151,154,214290_s_at,0.0025225,1.75e-05,4.73549647,2.82814,1.3,HIST2H2AA4///HIST2H2AA3,"histone cluster 2, H2aa4///histone cluster 2, H2aa3",723790///8337
153,156,211980_at,0.0026137,1.84e-05,4.72140414,2.78339,0.635,COL4A1,collagen type IV alpha 1 chain,1282
154,157,218181_s_at,0.0026326,1.88e-05,4.71572486,2.76537,0.53,MAP4K4,mitogen-activated protein kinase kinase kinase kinase 4,9448
159,166,203558_at,0.0029392,2.22e-05,4.66669999,2.61014,1.2,CUL7,cullin 7,9820
160,167,207655_s_at,0.0029392,2.23e-05,4.66486579,2.60434,0.919,BLNK,B-cell linker,29760
167,174,216503_s_at,0.0033396,2.62e-05,4.61783388,2.45601,1.01,MLLT10,"myeloid/lymphoid or mixed-lineage leukemia; translocated to, 10",8028
168,175,216488_s_at,0.0034432,2.72e-05,4.60717296,2.42247,1.08,ATP11A,ATPase phospholipid transporting 11A,23250
169,176,AFFX-HUMGAPDH/M33197_M_at,0.0034828,2.77e-05,4.60214116,2.40665,0.515,GAPDH,glyceraldehyde-3-phosphate dehydrogenase,2597
170,177,203792_x_at,0.0035753,2.86e-05,4.59276123,2.37718,0.585,PCGF2,polycomb group ring finger 2,7703
174,183,216870_x_at,0.0038934,3.22e-05,4.55770124,2.26721,0.677,DLEU2,deleted in lymphocytic leukemia 2 (non-protein coding),8847
177,186,201750_s_at,0.0040395,3.39e-05,4.54197952,2.21801,1.12,ECE1,endothelin converting enzyme 1,1889
179,188,213720_s_at,0.0040707,3.45e-05,4.53676959,2.20172,0.673,SMARCA4,"SWI/SNF related, matrix associated, actin dependent regulator of chromatin, subfamily a, member 4",6597
181,190,201050_at,0.0041837,3.59e-05,4.52555289,2.16667,0.73,PLD3,phospholipase D family member 3,23646
184,193,200701_at,0.0042158,3.67e-05,4.51867253,2.14519,0.888,NPC2,NPC intracellular cholesterol transporter 2,10577
185,194,215760_s_at,0.00427,3.74e-05,4.5133674,2.12864,0.811,SBNO2,strawberry notch homolog 2,22904
188,197,203349_s_at,0.0043344,3.85e-05,4.5044029,2.10068,0.964,ETV5,ETS variant 5,2119
190,199,208699_x_at,0.0043419,3.91e-05,4.49970273,2.08604,0.773,TKT,transketolase,7086
192,201,218840_s_at,0.0043625,3.95e-05,4.49655462,2.07623,0.922,NADSYN1,NAD synthetase 1,55191
195,205,212446_s_at,0.0044658,4.14e-05,4.48296575,2.03393,0.536,CERS6,ceramide synthase 6,253782
196,207,204476_s_at,0.0044916,4.19e-05,4.47920278,2.02222,1.46,PC,pyruvate carboxylase,5091
200,211,201644_at,0.004607,4.38e-05,4.46599945,1.98119,0.525,TSTA3,tissue specific transplantation antigen P35B,7264
202,213,209600_s_at,0.0047733,4.58e-05,4.45265304,1.93976,0.55,ACOX1,acyl-CoA oxidase 1,51
203,214,202179_at,0.0048092,4.64e-05,4.44903263,1.92853,0.745,BLMH,bleomycin hydrolase,642
206,217,218632_at,0.0050468,4.94e-05,4.4305234,1.87117,0.56,HECTD3,HECT domain E3 ubiquitin protein ligase 3,79654
210,221,205481_at,0.0057279,5.71e-05,4.38725995,1.73751,0.83,ADORA1,adenosine A1 receptor,134
212,225,213280_at,0.0059791,6.06e-05,4.36905226,1.68142,0.771,RAP1GAP2,RAP1 GTPase activating protein 2,23108
213,226,207714_s_at,0.0060167,6.14e-05,4.3655632,1.67068,0.754,SERPINH1,serpin family H member 1,871
214,227,210484_s_at,0.0060167,6.23e-05,4.36074022,1.65585,1.12,LOC254896///TNFRSF10C,uncharacterized LOC254896///TNF receptor superfamily member 10c,254896///8794
215,231,213497_at,0.0060167,6.26e-05,4.35930944,1.65145,0.58,ABTB2,ankyrin repeat and BTB domain containing 2,25841
217,234,207691_x_at,0.0067463,7.12e-05,4.32086651,1.53348,1.61,ENTPD1,ectonucleoside triphosphate diphosphohydrolase 1,953
218,235,212520_s_at,0.0067463,7.15e-05,4.3197597,1.53009,0.665,SMARCA4,"SWI/SNF related, matrix associated, actin dependent regulator of chromatin, subfamily a, member 4",6597
220,243,202609_at,0.0070811,7.79e-05,4.2937359,1.4505,1.07,EPS8,epidermal growth factor receptor pathway substrate 8,2059
221,244,208546_x_at,0.0070811,7.8e-05,4.29326049,1.44904,1.85,HIST1H2BH,"histone cluster 1, H2bh",8345
223,246,208932_at,0.0071555,7.96e-05,4.28722698,1.43062,0.6,PPP4C,protein phosphatase 4 catalytic subunit,5531
227,254,218135_at,0.0077413,8.86e-05,4.25482365,1.33189,0.502,ERGIC2,ERGIC and golgi 2,51290
228,255,203942_s_at,0.0077772,8.94e-05,4.25193711,1.32311,0.744,MARK2,microtubule affinity regulating kinase 2,2011
231,259,204119_s_at,0.0080883,9.5e-05,4.23363187,1.2675,0.562,ADK,adenosine kinase,132
233,261,212442_s_at,0.0080883,9.51e-05,4.23317089,1.2661,0.6,CERS6,ceramide synthase 6,253782
239,270,218484_at,0.0082744,0.000101,4.21544301,1.21235,0.646,NDUFA4L2,"NDUFA4, mitochondrial complex associated like 2",56901
242,274,200842_s_at,0.0084984,0.000105,4.20356067,1.17638,0.586,EPRS,glutamyl-prolyl-tRNA synthetase,2058
246,278,202826_at,0.0085807,0.000107,4.1962279,1.15421,0.83,SPINT1,"serine peptidase inhibitor, Kunitz type 1",6692
249,281,214868_at,0.0087086,0.00011,4.18846158,1.13074,2.33,PIWIL1,piwi like RNA-mediated gene silencing 1,9271
251,283,218280_x_at,0.0087701,0.000112,4.18415994,1.11776,0.873,HIST2H2AA4///HIST2H2AA3,"histone cluster 2, H2aa4///histone cluster 2, H2aa3",723790///8337
254,287,202975_s_at,0.0088747,0.000115,4.17548576,1.09159,1.13,RHOBTB3,Rho related BTB domain containing 3,22836
256,290,213792_s_at,0.009095,0.000119,4.16562386,1.06186,0.593,INSR,insulin receptor,3643
260,298,218007_s_at,0.0092694,0.000124,4.1515259,1.01943,0.571,RPS27L,ribosomal protein S27 like,51065
262,300,213637_at,0.0093419,0.000126,4.14710314,1.00613,0.634,DDX52,DEAD-box helicase 52,11056
264,303,212877_at,0.0097846,0.000133,4.12988079,0.95441,0.862,KLC1,kinesin light chain 1,3831
265,304,211981_at,0.0098607,0.000136,4.12527389,0.9406,0.78,COL4A1,collagen type IV alpha 1 chain,1282
266,305,209558_s_at,0.0098607,0.000136,4.12352068,0.93534,0.825,HIP1R,huntingtin interacting protein 1 related,9026
267,306,218720_x_at,0.0098607,0.000136,4.12329663,0.93467,1.64,SEZ6L2,seizure related 6 homolog like 2,26470
268,307,218872_at,0.0098607,0.000137,4.12268495,0.93283,1.36,TESC,tescalcin,54997
272,312,215071_s_at,0.0100295,0.000141,4.11334398,0.90485,0.859,HIST1H2AC,"histone cluster 1, H2ac",8334
274,314,218782_s_at,0.0101129,0.000143,4.10827386,0.88967,0.632,ATAD2,"ATPase family, AAA domain containing 2",29028
278,319,215785_s_at,0.0104093,0.000149,4.09512179,0.85035,0.92,CYFIP2,cytoplasmic FMR1 interacting protein 2,26999
284,326,221797_at,0.0106055,0.000156,4.08249631,0.81265,1.43,OXLD1,oxidoreductase like domain containing 1,339229
287,331,203171_s_at,0.0106175,0.00016,4.07477656,0.78963,0.504,RRP8,"ribosomal RNA processing 8, methyltransferase, homolog (yeast)",23378
292,342,201732_s_at,0.0107762,0.000166,4.06305705,0.75472,0.807,CLCN3,chloride voltage-gated channel 3,1182
293,343,200736_s_at,0.010786,0.000167,4.06187878,0.75122,0.598,GPX1,glutathione peroxidase 1,2876
294,344,202718_at,0.0108951,0.000169,4.0578725,0.7393,0.852,IGFBP2,insulin like growth factor binding protein 2,3485
295,346,212850_s_at,0.0109979,0.000171,4.05318601,0.72536,1.97,LRP4,LDL receptor related protein 4,4038
299,350,203085_s_at,0.011172,0.000176,4.04478781,0.7004,0.864,TGFB1,transforming growth factor beta 1,7040
306,357,209474_s_at,0.0117378,0.000189,4.02276017,0.63507,1.77,ENTPD1,ectonucleoside triphosphate diphosphohydrolase 1,953
307,358,210761_s_at,0.0117378,0.000189,4.02251342,0.63434,0.547,GRB7,growth factor receptor bound protein 7,2886
309,361,202588_at,0.0121262,0.000197,4.0098348,0.59682,0.974,AK1,adenylate kinase 1,203
310,362,202124_s_at,0.0121322,0.000198,4.00882382,0.59383,0.75,TRAK2,trafficking kinesin protein 2,66008
312,364,221732_at,0.0121408,0.000199,4.00689915,0.58814,1.13,CANT1,calcium activated nucleotidase 1,124583
313,365,211260_at,0.0122454,0.000201,4.00338398,0.57775,0.63,BMP7,bone morphogenetic protein 7,655
316,368,203440_at,0.0122529,0.000203,3.99983769,0.56728,2.34,CDH2,cadherin 2,1000
318,370,218046_s_at,0.0123907,0.000207,3.99507144,0.5532,0.924,MRPS16,mitochondrial ribosomal protein S16,51021
320,372,208025_s_at,0.0123907,0.000208,3.99281041,0.54653,1.45,HMGA2,high mobility group AT-hook 2,8091
323,378,217744_s_at,0.0123922,0.000211,3.98882951,0.53479,0.864,PERP,"PERP, TP53 apoptosis effector",64065
325,381,202996_at,0.0125494,0.000215,3.98245329,0.51599,1.26,POLD4,"DNA polymerase delta 4, accessory subunit",57804
326,384,219755_at,0.0127705,0.000221,3.97457635,0.49279,0.946,CBX8,chromobox 8,57332
330,389,208712_at,0.0130479,0.000228,3.96385433,0.46124,0.819,CCND1,cyclin D1,595
333,392,204508_s_at,0.0132616,0.000234,3.95579143,0.43755,2.48,CA12,carbonic anhydrase 12,771
340,402,209262_s_at,0.0137339,0.000249,3.93695649,0.3823,0.628,NR2F6,nuclear receptor subfamily 2 group F member 6,2063
342,406,203921_at,0.0138462,0.000253,3.93196233,0.36767,1.05,CHST2,carbohydrate sulfotransferase 2,9435
343,407,202984_s_at,0.0140949,0.000258,3.92561683,0.3491,0.716,BAG5,BCL2 associated athanogene 5,9529
344,409,218608_at,0.0141645,0.000261,3.92254123,0.34011,0.75,ATP13A2,ATPase 13A2,23400
347,412,201392_s_at,0.0142776,0.000265,3.9177626,0.32614,0.735,IGF2R,insulin like growth factor 2 receptor,3482
349,414,218382_s_at,0.0144499,0.000269,3.91248545,0.31072,0.626,U2AF2,U2 small nuclear RNA auxiliary factor 2,11338
350,415,212858_at,0.0144621,0.00027,3.91146471,0.30774,0.858,PAQR4,progestin and adipoQ receptor family member 4,124222
353,418,202756_s_at,0.0146666,0.000276,3.90480166,0.28829,0.776,GPC1,glypican 1,2817
354,419,213067_at,0.0148517,0.00028,3.90011366,0.27462,0.851,MYH10,"myosin, heavy chain 10, non-muscle",4628
355,420,205280_at,0.0148995,0.000282,3.89835704,0.2695,1.77,GLRB,glycine receptor beta,2743
356,421,220170_at,0.0149625,0.000283,3.89628519,0.26346,1.04,FHL5,four and a half LIM domains 5,9457
358,427,209053_s_at,0.0153426,0.000295,3.88311799,0.22513,1.42,WHSC1,Wolf-Hirschhorn syndrome candidate 1,7468
359,430,213542_at,0.0153793,0.000297,3.88100139,0.21897,1.19,ZNF710,zinc finger protein 710,374655
360,431,209295_at,0.0154684,0.0003,3.87845209,0.21156,0.618,TNFRSF10B,TNF receptor superfamily member 10b,8795
366,440,216208_s_at,0.0157805,0.000313,3.86462377,0.1714,0.859,ATF6B,activating transcription factor 6 beta,1388
369,444,220412_x_at,0.0162882,0.000325,3.85280945,0.13714,0.627,KCNK7,potassium two pore domain channel subfamily K member 7,10089
370,445,204750_s_at,0.0163099,0.000326,3.85167982,0.13387,1.47,DSC2,desmocollin 2,1824
372,448,204679_at,0.0164695,0.000332,3.84648337,0.11882,0.71,KCNK1,potassium two pore domain channel subfamily K member 1,3775
375,451,214238_at,0.0165154,0.000335,3.84349769,0.11018,0.67,GDF7,growth differentiation factor 7,151449
376,453,212235_at,0.0166434,0.00034,3.8391253,0.09754,1.06,PLXND1,plexin D1,23129
377,454,218847_at,0.0166434,0.00034,3.83896295,0.09707,0.747,IGF2BP2,insulin like growth factor 2 mRNA binding protein 2,10644
379,457,208700_s_at,0.0167317,0.000344,3.83520881,0.08622,0.769,TKT,transketolase,7086
381,460,201654_s_at,0.016775,0.000347,3.83232236,0.07788,0.883,HSPG2,heparan sulfate proteoglycan 2,3339
382,461,203210_s_at,0.0168452,0.000349,3.83031457,0.07208,0.789,RFC5,replication factor C subunit 5,5985
383,462,214806_at,0.016904,0.000351,3.82852548,0.06691,0.986,BICD1,BICD cargo adaptor 1,636
388,470,204247_s_at,0.0175077,0.00037,3.81196368,0.01915,1.33,CDK5,cyclin dependent kinase 5,1020
389,471,219919_s_at,0.0176031,0.000373,3.80956443,0.01224,1.13,SSH3,slingshot protein phosphatase 3,54961
391,473,210206_s_at,0.017787,0.000378,3.80484063,-0.00136,1.03,DDX11,DEAD/H-box helicase 11,1663
392,474,219332_at,0.017787,0.000379,3.80425164,-0.00305,0.754,MICALL2,MICAL like 2,79778
394,476,208394_x_at,0.0178878,0.000383,3.80111945,-0.01206,1.18,ESM1,endothelial cell specific molecule 1,11082
395,477,211432_s_at,0.0179365,0.000385,3.79958962,-0.01646,0.973,TYRO3,TYRO3 protein tyrosine kinase,7301
396,478,216971_s_at,0.0180453,0.000388,3.7966121,-0.02502,1.04,PLEC,plectin,5339
399,481,220192_x_at,0.0184093,0.000399,3.78830709,-0.04888,1.2,SPDEF,SAM pointed domain containing ETS transcription factor,25803
400,482,205728_at,0.0184093,0.000399,3.78800233,-0.04975,2.56,TENM1,teneurin transmembrane protein 1,10178
404,487,212538_at,0.0191478,0.000419,3.7721435,-0.09523,0.609,DOCK9,dedicator of cytokinesis 9,23348
407,491,207798_s_at,0.0191525,0.000423,3.76950242,-0.10279,1.28,ATXN2L,ataxin 2 like,11273
409,495,213107_at,0.0192532,0.000429,3.76524571,-0.11497,0.88,TNIK,TRAF2 and NCK interacting kinase,23043
410,497,213235_at,0.019428,0.000434,3.76107352,-0.12691,0.678,KNOP1,lysine rich nucleolar protein 1,400506
414,506,203796_s_at,0.0204964,0.000466,3.73822026,-0.19215,0.607,BCL7A,BCL tumor suppressor 7A,605
415,509,200661_at,0.0206339,0.000473,3.73356825,-0.2054,0.581,CTSA,cathepsin A,5476
416,510,209784_s_at,0.0206339,0.000473,3.73356014,-0.20542,0.583,JAG2,jagged 2,3714
418,513,218086_at,0.020794,0.00048,3.72920529,-0.21782,1.1,NPDC1,"neural proliferation, differentiation and control 1",56654
420,516,215151_at,0.0209992,0.000488,3.72378053,-0.23326,1.34,DOCK10,dedicator of cytokinesis 10,55619
424,521,214782_at,0.0212163,0.000497,3.71777314,-0.25033,0.578,CTTN,cortactin,2017
426,524,202545_at,0.0212769,0.000501,3.71503965,-0.2581,0.587,PRKCD,protein kinase C delta,5580
428,526,203355_s_at,0.0214571,0.000508,3.71107526,-0.26935,1.21,PSD3,pleckstrin and Sec7 domain containing 3,23362
430,528,213734_at,0.0214571,0.00051,3.7095458,-0.27369,0.646,RFC5,replication factor C subunit 5,5985
431,529,209361_s_at,0.0214571,0.000511,3.70880117,-0.27581,0.51,PCBP4,poly(rC) binding protein 4,57060
432,530,219602_s_at,0.0214571,0.000511,3.70867758,-0.27616,0.656,PIEZO2,piezo type mechanosensitive ion channel component 2,63895
434,537,206379_at,0.0218129,0.000528,3.69845103,-0.30515,0.836,EYA3,EYA transcriptional coactivator and phosphatase 3,2140
435,539,209403_at,0.0218129,0.00053,3.69731474,-0.30837,0.622,TBC1D3I///TBC1D3E///LOC101060389///TBC1D3L///TBC1D3K///TBC1D3G///TBC1D3H///TBC1D3///TBC1D3C///TBC1D3F,TBC1 domain family member 3I///TBC1 domain family member 3E///TBC1 domain family member-like///TBC1 domain family member 3L///TBC1 domain family member 3K///TBC1 domain family member 3G///TBC1 domain family member 3H///TBC1 domain family member 3///TBC1 domain family member 3C///TBC1 domain family member 3F,102724862///102723859///101060389///101060376///101060351///101060321///729877///729873///414060///84218
444,551,201401_s_at,0.0224153,0.000555,3.68211527,-0.35138,0.957,GRK2,G protein-coupled receptor kinase 2,156
445,552,214073_at,0.0224498,0.000557,3.68103507,-0.35443,1.32,CTTN,cortactin,2017
446,553,201340_s_at,0.0225557,0.000562,3.67847951,-0.36165,0.937,ENC1,ectodermal-neural cortex 1,8507
447,554,215321_at,0.0225557,0.000562,3.67818145,-0.36249,1.21,RUNDC3B,RUN domain containing 3B,154661
448,555,214250_at,0.0225557,0.000563,3.67777009,-0.36365,1.66,NUMA1,nuclear mitotic apparatus protein 1,4926
449,558,203358_s_at,0.0226546,0.000568,3.67462046,-0.37255,1.38,EZH2,enhancer of zeste 2 polycomb repressive complex 2 subunit,2146
453,564,202733_at,0.0228119,0.000578,3.66893673,-0.38858,0.69,LOC101927705///P4HA2,uncharacterized LOC101927705///prolyl 4-hydroxylase subunit alpha 2,101927705///8974
456,570,214125_s_at,0.0234552,0.000601,3.65652512,-0.42355,0.632,NENF,neudesin neurotrophic factor,29937
457,571,215169_at,0.0234741,0.000603,3.65569916,-0.42588,0.894,SLC35E2B///SLC35E2,solute carrier family 35 member E2B///solute carrier family 35 member E2,728661///9906
460,576,218613_at,0.0238817,0.000618,3.64730349,-0.44949,1.12,PSD3,pleckstrin and Sec7 domain containing 3,23362
461,577,207379_at,0.0239032,0.000621,3.64572755,-0.45392,0.718,EDIL3,EGF like repeats and discoidin domains 3,10085
462,578,205924_at,0.0239032,0.000622,3.6456483,-0.45415,0.505,RAB3B,"RAB3B, member RAS oncogene family",5865
465,582,218278_at,0.0239262,0.000627,3.6426119,-0.46268,0.565,WDR74,WD repeat domain 74,54663
471,589,208490_x_at,0.0241304,0.00064,3.63633473,-0.4803,0.81,HIST1H2BC///HIST1H2BI///HIST1H2BE///HIST1H2BF///HIST1H2BG,"histone cluster 1, H2bc///histone cluster 1, H2bi///histone cluster 1, H2be///histone cluster 1, H2bf///histone cluster 1, H2bg",8347///8346///8344///8343///8339
474,594,208794_s_at,0.0244615,0.000653,3.62940543,-0.49973,0.56,SMARCA4,"SWI/SNF related, matrix associated, actin dependent regulator of chromatin, subfamily a, member 4",6597
477,597,215202_at,0.0245743,0.000659,3.62642488,-0.50809,0.606,GUSBP11,"glucuronidase, beta pseudogene 11",91316
479,600,203209_at,0.0245904,0.000663,3.62458543,-0.51324,0.606,RFC5,replication factor C subunit 5,5985
482,604,222256_s_at,0.0250689,0.000681,3.61616075,-0.53682,1.68,JMJD7///JMJD7-PLA2G4B,jumonji domain containing 7///JMJD7-PLA2G4B readthrough,100137047///8681
483,605,202503_s_at,0.0254392,0.000692,3.6108489,-0.55167,0.835,KIAA0101,KIAA0101,9768
484,606,221272_s_at,0.0254745,0.000694,3.609861,-0.55443,1.35,C1orf21,chromosome 1 open reading frame 21,81563
485,608,221073_s_at,0.0256592,0.000701,3.60643553,-0.564,0.867,NOD1,nucleotide binding oligomerization domain containing 1,10392
487,611,215363_x_at,0.0259219,0.000712,3.60135813,-0.57818,1.34,FOLH1B///FOLH1,folate hydrolase 1B///folate hydrolase (prostate-specific membrane antigen) 1,219595///2346
488,613,204490_s_at,0.0259219,0.000714,3.60045032,-0.58071,0.642,CD44,CD44 molecule (Indian blood group),960
492,617,40850_at,0.0262798,0.000729,3.59374425,-0.59941,1.2,FKBP8,FK506 binding protein 8,23770
493,618,209922_at,0.0262798,0.000733,3.59201321,-0.60423,1.32,BRAP,BRCA1 associated protein,8315
497,622,219468_s_at,0.0262798,0.000735,3.59122746,-0.60642,1.41,CUEDC1,CUE domain containing 1,404093
498,625,207101_at,0.0265853,0.000747,3.5858834,-0.62131,1.27,VAMP1,vesicle associated membrane protein 1,6843
499,627,214466_at,0.0267058,0.000753,3.58336253,-0.62832,0.825,GJA5,gap junction protein alpha 5,2702
501,629,201474_s_at,0.0269274,0.000761,3.57962206,-0.63873,0.609,ITGA3,integrin subunit alpha 3,3675
504,633,208161_s_at,0.0270989,0.000771,3.57547443,-0.65026,2.16,ABCC3,ATP binding cassette subfamily C member 3,8714
507,638,212026_s_at,0.0274188,0.000786,3.56906113,-0.66807,0.642,EXOC7,exocyst complex component 7,23265
508,639,203632_s_at,0.0276449,0.000794,3.56585898,-0.67695,0.658,GPRC5B,G protein-coupled receptor class C group 5 member B,51704
510,641,206072_at,0.0278069,0.000801,3.56292185,-0.6851,1.37,UCN,urocortin,7349
511,642,59697_at,0.02782,0.000803,3.56225696,-0.68695,0.679,RAB15,"RAB15, member RAS oncogene family",376267
512,643,213816_s_at,0.027858,0.000806,3.56098331,-0.69048,0.747,MET,"MET proto-oncogene, receptor tyrosine kinase",4233
514,645,213690_s_at,0.0279209,0.000809,3.55954448,-0.69446,0.889,PTOV1-AS2,PTOV1 antisense RNA 2,101928378
519,651,209641_s_at,0.028146,0.000824,3.55387652,-0.71017,1.79,ABCC3,ATP binding cassette subfamily C member 3,8714
520,652,1438_at,0.0281611,0.000826,3.55279521,-0.71316,1.03,EPHB3,EPH receptor B3,2049
522,654,203975_s_at,0.0281611,0.000828,3.55219391,-0.71483,0.517,CHAF1A,chromatin assembly factor 1 subunit A,10036
525,657,214455_at,0.0283069,0.000836,3.54878712,-0.72425,1.52,HIST1H2BC///HIST1H2BI///HIST1H2BE///HIST1H2BF///HIST1H2BG,"histone cluster 1, H2bc///histone cluster 1, H2bi///histone cluster 1, H2be///histone cluster 1, H2bf///histone cluster 1, H2bg",8347///8346///8344///8343///8339
528,661,211966_at,0.0283951,0.000844,3.54571004,-0.73277,0.673,COL4A2,collagen type IV alpha 2 chain,1284
530,668,214297_at,0.0283953,0.000853,3.54224893,-0.74233,1.2,CSPG4,chondroitin sulfate proteoglycan 4,1464
531,669,203421_at,0.0283953,0.000854,3.54191006,-0.74327,1.37,TP53I11,tumor protein p53 inducible protein 11,9537
532,671,208527_x_at,0.0284298,0.000857,3.54065728,-0.74673,0.609,HIST1H2BE,"histone cluster 1, H2be",8344
535,674,210495_x_at,0.0285625,0.000865,3.53766109,-0.75501,1.38,FN1,fibronectin 1,2335
536,677,217419_x_at,0.0286938,0.000873,3.53469281,-0.7632,0.615,AGRN,agrin,375790
537,680,219039_at,0.029117,0.000891,3.52812058,-0.78133,0.831,SEMA4C,semaphorin 4C,54910
538,682,218313_s_at,0.0291664,0.000894,3.52689505,-0.78471,0.855,GALNT7,polypeptide N-acetylgalactosaminyltransferase 7,51809
539,683,214407_x_at,0.0293529,0.000902,3.52391427,-0.79293,0.702,GYPB,glycophorin B (MNS blood group),2994
540,687,210652_s_at,0.029523,0.000913,3.51995577,-0.80383,0.974,TTC39A,tetratricopeptide repeat domain 39A,22996
541,689,221465_at,0.029523,0.000914,3.51952906,-0.80501,0.763,OR6A2,olfactory receptor family 6 subfamily A member 2,8590
542,690,211242_x_at,0.0296085,0.000919,3.51781042,-0.80974,0.961,KIR2DL4,"killer cell immunoglobulin like receptor, two Ig domains and long cytoplasmic tail 4",3805
543,691,202661_at,0.0296085,0.000919,3.51762107,-0.81026,1.08,ITPR2,"inositol 1,4,5-trisphosphate receptor type 2",3709
544,692,213435_at,0.0296119,0.000921,3.51710666,-0.81167,0.907,SATB2,SATB homeobox 2,23314
545,693,214957_at,0.0299112,0.000932,3.51331302,-0.82211,0.767,ACTL8,actin like 8,81569
546,695,209936_at,0.030256,0.000946,3.50832073,-0.83584,0.929,RBM5,RNA binding motif protein 5,10181
549,699,212014_x_at,0.0302825,0.000951,3.50639635,-0.84112,0.897,CD44,CD44 molecule (Indian blood group),960
550,700,200952_s_at,0.030507,0.00096,3.50348358,-0.84912,0.779,CCND2,cyclin D2,894
551,702,204678_s_at,0.0305885,0.000965,3.5016599,-0.85413,1.38,KCNK1,potassium two pore domain channel subfamily K member 1,3775
553,705,204170_s_at,0.0306229,0.000971,3.49972978,-0.85943,0.97,CKS2,CDC28 protein kinase regulatory subunit 2,1164
555,711,214728_x_at,0.0310446,0.000992,3.49255625,-0.8791,0.545,SMARCA4,"SWI/SNF related, matrix associated, actin dependent regulator of chromatin, subfamily a, member 4",6597
556,712,212095_s_at,0.031136,0.000996,3.49111772,-0.88304,0.662,MTUS1,microtubule associated tumor suppressor 1,57509
558,715,203466_at,0.0313805,0.00101,3.48713767,-0.89394,0.818,MPV17,"MPV17, mitochondrial inner membrane protein",4358
559,716,209806_at,0.0314199,0.00101,3.48625954,-0.89635,0.664,HIST1H2BK,"histone cluster 1, H2bk",85236
560,717,209398_at,0.0315243,0.00102,3.4846985,-0.90062,1.11,HIST1H1C,"histone cluster 1, H1c",3006
562,725,222349_x_at,0.0318506,0.00104,3.47761019,-0.92001,1.02,RNF126P1,ring finger protein 126 pseudogene 1,376412
564,730,219412_at,0.0321115,0.00105,3.47242407,-0.93418,1.1,RAB38,"RAB38, member RAS oncogene family",23682
568,741,202509_s_at,0.0327144,0.00109,3.46148315,-0.96403,0.855,TNFAIP2,TNF alpha induced protein 2,7127
569,742,214211_at,0.0327727,0.00109,3.46044262,-0.96687,0.548,FTH1,ferritin heavy chain 1,2495
570,744,214033_at,0.0330733,0.00111,3.45628427,-0.9782,0.565,LOC101930322///ABCC6P2///ABCC6P1///ABCC6,multidrug resistance-associated protein 6-like///ATP binding cassette subfamily C member 6 pseudogene 2///ATP binding cassette subfamily C member 6 pseudogene 1///ATP binding cassette subfamily C member 6,101930322///730013///653190///368
571,747,209441_at,0.033078,0.00111,3.45512689,-0.98135,0.768,RHOBTB2,Rho related BTB domain containing 2,23221
573,749,204541_at,0.0331597,0.00112,3.45326308,-0.98642,0.533,SEC14L2,SEC14 like lipid binding 2,23541
578,754,203780_at,0.0339999,0.00115,3.44286726,-1.01469,0.976,MPZL2,myelin protein zero like 2,10205
579,755,219782_s_at,0.0342527,0.00116,3.43995583,-1.0226,1.21,ZNF771,zinc finger protein 771,51333
581,760,202971_s_at,0.0344491,0.00118,3.43584346,-1.03377,0.72,DYRK2,dual specificity tyrosine phosphorylation regulated kinase 2,8445
582,762,208507_at,0.0344491,0.00118,3.4349724,-1.03613,0.532,OR7C2,olfactory receptor family 7 subfamily C member 2,26658
585,770,216442_x_at,0.0351114,0.00121,3.42512687,-1.06282,1.38,FN1,fibronectin 1,2335
586,771,209835_x_at,0.0351889,0.00122,3.42395628,-1.06599,0.847,CD44,CD44 molecule (Indian blood group),960
590,780,216905_s_at,0.035507,0.00124,3.41703208,-1.08473,0.541,ST14,suppression of tumorigenicity 14,6768
597,788,221664_s_at,0.0358211,0.00127,3.41070819,-1.10182,0.55,F11R,F11 receptor,50848
599,790,208179_x_at,0.0360002,0.00128,3.40787877,-1.10947,0.802,KIR2DL3,"killer cell immunoglobulin like receptor, two Ig domains and long cytoplasmic tail 3",3804
602,796,219615_s_at,0.0363384,0.0013,3.40252012,-1.12393,0.58,KCNK5,potassium two pore domain channel subfamily K member 5,8645
605,800,202785_at,0.0364875,0.00131,3.39946627,-1.13216,0.608,NDUFA7,NADH:ubiquinone oxidoreductase subunit A7,4701
608,803,208218_s_at,0.036614,0.00132,3.39705045,-1.13867,1.11,ACVR1B,activin A receptor type 1B,91
609,804,221799_at,0.0366994,0.00133,3.39585106,-1.14191,0.563,CHPF2,chondroitin polymerizing factor 2,54480
612,809,213109_at,0.0368699,0.00134,3.3922151,-1.1517,0.655,TNIK,TRAF2 and NCK interacting kinase,23043
613,813,209473_at,0.037554,0.00137,3.38437978,-1.17278,1.05,ENTPD1,ectonucleoside triphosphate diphosphohydrolase 1,953
615,817,215248_at,0.0379712,0.00139,3.37901324,-1.1872,0.748,GRB10,growth factor receptor bound protein 10,2887
617,819,211719_x_at,0.0383255,0.00141,3.37506354,-1.19781,1.39,FN1,fibronectin 1,2335
618,821,216506_x_at,0.0384833,0.00142,3.37285934,-1.20372,0.75,MLLT10,"myeloid/lymphoid or mixed-lineage leukemia; translocated to, 10",8028
619,823,203779_s_at,0.038497,0.00142,3.37167353,-1.2069,1.49,MPZL2,myelin protein zero like 2,10205
621,825,220973_s_at,0.0386081,0.00143,3.37013167,-1.21104,0.991,SHARPIN,SHANK associated RH domain interactor,81858
622,826,218938_at,0.0386571,0.00144,3.36885549,-1.21446,0.507,FBXL15,F-box and leucine rich repeat protein 15,79176
623,833,213956_at,0.0388889,0.00146,3.36443805,-1.2263,0.529,CEP350,centrosomal protein 350,9857
624,836,209173_at,0.0390633,0.00147,3.36110811,-1.23522,2.6,AGR2,"anterior gradient 2, protein disulphide isomerase family member",10551
626,838,212096_s_at,0.0390633,0.00147,3.36058607,-1.23661,0.573,MTUS1,microtubule associated tumor suppressor 1,57509
629,845,202626_s_at,0.0394263,0.0015,3.35498189,-1.25161,0.71,LYN,"LYN proto-oncogene, Src family tyrosine kinase",4067
630,847,219742_at,0.0395117,0.00151,3.35296567,-1.257,0.86,PRR7,proline rich 7 (synaptic),80758
633,851,204922_at,0.0397107,0.00152,3.3501645,-1.26449,1.65,C11orf80,chromosome 11 open reading frame 80,79703
635,855,222075_s_at,0.0400563,0.00154,3.34565015,-1.27654,0.786,OAZ3,ornithine decarboxylase antizyme 3,51686
639,863,215714_s_at,0.0404947,0.00157,3.33881621,-1.29477,0.597,SMARCA4,"SWI/SNF related, matrix associated, actin dependent regulator of chromatin, subfamily a, member 4",6597
640,864,215629_s_at,0.0405663,0.00158,3.33762096,-1.29796,0.651,MIR15A///DLEU2L///DLEU2,microRNA 15a///deleted in lymphocytic leukemia 2-like///deleted in lymphocytic leukemia 2 (non-protein coding),406948///79469///8847
642,866,203287_at,0.0406169,0.00158,3.33662187,-1.30062,0.505,LAD1,ladinin 1,3898
644,868,216897_s_at,0.0408233,0.00159,3.33412355,-1.30728,0.906,FAM76A,family with sequence similarity 76 member A,199870
646,875,201668_x_at,0.0415111,0.00163,3.32524546,-1.33091,0.764,MARCKS,myristoylated alanine rich protein kinase C substrate,4082
648,878,215842_s_at,0.0415111,0.00164,3.32443764,-1.33305,1.23,ATP11A,ATPase phospholipid transporting 11A,23250
649,879,216595_at,0.0415111,0.00164,3.32418954,-1.33371,0.551,FAM186A,family with sequence similarity 186 member A,121006
650,880,215380_s_at,0.0415561,0.00164,3.3231516,-1.33647,0.75,GGCT,gamma-glutamylcyclotransferase,79017
651,881,209154_at,0.0415561,0.00164,3.3230507,-1.33674,0.507,P2RX5-TAX1BP3///TAX1BP3,P2RX5-TAX1BP3 readthrough (NMD candidate)///Tax1 binding protein 3,100533970///30851
654,887,217017_at,0.0420744,0.00168,3.3165374,-1.35404,0.954,OSBPL10,oxysterol binding protein like 10,114884
657,897,212106_at,0.0433213,0.00175,3.30279154,-1.39049,0.602,FAF2,Fas associated factor family member 2,23197
660,904,219101_x_at,0.043914,0.00179,3.29522548,-1.41051,0.948,ABHD8,abhydrolase domain containing 8,79575
662,909,211478_s_at,0.0441962,0.0018,3.29144995,-1.42049,2.01,DPP4,dipeptidyl peptidase 4,1803
667,920,202587_s_at,0.0448279,0.00185,3.28250144,-1.44411,0.726,AK1,adenylate kinase 1,203
668,923,210070_s_at,0.0448396,0.00186,3.28088621,-1.44837,0.724,CHKB-CPT1B///CPT1B,CHKB-CPT1B readthrough (NMD candidate)///carnitine palmitoyltransferase 1B,386593///1375
670,925,207144_s_at,0.0448396,0.00187,3.28026163,-1.45002,2.79,CITED1,Cbp/p300 interacting transactivator with Glu/Asp rich carboxy-terminal domain 1,4435
671,928,204741_at,0.0451784,0.00188,3.27667995,-1.45946,0.66,BICD1,BICD cargo adaptor 1,636
674,931,213986_s_at,0.0452694,0.0019,3.27460788,-1.46491,0.808,TMEM259,transmembrane protein 259,91304
675,932,203256_at,0.0452694,0.0019,3.27440472,-1.46545,2.17,CDH3,cadherin 3,1001
676,933,220294_at,0.0452694,0.0019,3.27407751,-1.46631,0.978,KCNV1,potassium voltage-gated channel modifier subfamily V member 1,27012
678,938,213299_at,0.0460026,0.00194,3.2668154,-1.48542,1.1,ZBTB7A,zinc finger and BTB domain containing 7A,51341
679,939,210130_s_at,0.0460026,0.00194,3.2666652,-1.48581,0.651,TM7SF2,transmembrane 7 superfamily member 2,7108
680,940,204129_at,0.0463913,0.00196,3.26341761,-1.49435,0.533,BCL9,B-cell CLL/lymphoma 9,607
681,942,210410_s_at,0.0465374,0.00197,3.26153458,-1.4993,1.33,MSH5-SAPCD1///SAPCD1///MSH5,MSH5-SAPCD1 readthrough (NMD candidate)///suppressor APC domain containing 1///mutS homolog 5,100532732///401251///4439
685,954,222037_at,0.0468903,0.00201,3.25428555,-1.51833,1.22,MCM4,minichromosome maintenance complex component 4,4173
687,961,208417_at,0.047236,0.00204,3.24965255,-1.53047,0.741,FGF6,fibroblast growth factor 6,2251
688,963,203271_s_at,0.0474083,0.00205,3.24758398,-1.53589,0.762,UNC119,unc-119 lipid binding chaperone,9094
689,965,219858_s_at,0.0474083,0.00206,3.24697628,-1.53748,0.62,MFSD6,major facilitator superfamily domain containing 6,54842
690,966,214081_at,0.0474593,0.00206,3.2462514,-1.53938,0.651,PLXDC1,plexin domain containing 1,57125
691,967,210869_s_at,0.0475277,0.00206,3.2454005,-1.54161,0.542,MIR6756///MCAM,microRNA 6756///melanoma cell adhesion molecule,102465453///4162
693,971,205117_at,0.0476809,0.00208,3.24287638,-1.54822,1.2,FGF1,fibroblast growth factor 1,2246
694,972,218952_at,0.0476811,0.00208,3.24252142,-1.54915,1.37,PCSK1N,proprotein convertase subtilisin/kexin type 1 inhibitor,27344
696,976,221911_at,0.0480078,0.0021,3.23876093,-1.55898,0.927,ETV1,ETS variant 1,2115
698,978,215779_s_at,0.0480669,0.00211,3.23746852,-1.56236,1.54,HIST1H2BJ///HIST1H2BG,"histone cluster 1, H2bj///histone cluster 1, H2bg",8970///8339
700,983,213417_at,0.0483323,0.00213,3.23398436,-1.57147,1.23,TBX2,T-box 2,6909
701,985,220362_at,0.0483546,0.00214,3.2329208,-1.57425,0.985,PSORS1C1,psoriasis susceptibility 1 candidate 1,170679
702,986,205032_at,0.0483546,0.00215,3.23205268,-1.57651,0.817,ITGA2,integrin subunit alpha 2,3673
703,987,202528_at,0.0483546,0.00215,3.2318989,-1.57692,0.763,GALE,UDP-galactose-4-epimerase,2582
704,988,221908_at,0.0483546,0.00215,3.2317821,-1.57722,1.05,RNFT2,"ring finger protein, transmembrane 2",84900
707,996,209515_s_at,0.0492539,0.00221,3.22264836,-1.60105,0.819,RAB27A,"RAB27A, member RAS oncogene family",5873
708,997,213457_at,0.0492539,0.00221,3.22260345,-1.60117,0.563,MFHAS1,malignant fibrous histiocytoma amplified sequence 1,9258
710,999,210776_x_at,0.0493672,0.00222,3.22094021,-1.6055,0.697,TCF3,transcription factor 3,6929
713,1003,202589_at,0.0495635,0.00223,3.21828761,-1.61241,0.881,TYMS,thymidylate synthetase,7298
714,1005,210463_x_at,0.0497935,0.00225,3.21579969,-1.61889,0.559,TRMT1,tRNA methyltransferase 1,55621
715,1007,206080_at,0.0498705,0.00226,3.21481045,-1.62146,0.85,PLCH2,phospholipase C eta 2,9651
716,1008,203028_s_at,0.0498705,0.00226,3.21452359,-1.62221,0.633,CYBA,cytochrome b-245 alpha chain,1535
717,1010,218530_at,0.0502963,0.00228,3.21090052,-1.63163,0.637,FHOD1,formin homology 2 domain containing 1,29109
718,1011,205960_at,0.0505648,0.0023,3.20871796,-1.63731,1.36,PDK4,pyruvate dehydrogenase kinase 4,5166
719,1012,200838_at,0.0507402,0.00231,3.20695911,-1.64188,0.518,CTSB,cathepsin B,1508
721,1014,204082_at,0.0507921,0.00232,3.20592661,-1.64456,1.01,PBX3,PBX homeobox 3,5090
722,1017,201939_at,0.0507921,0.00233,3.20443657,-1.64843,0.658,PLK2,polo like kinase 2,10769
723,1022,211603_s_at,0.0507921,0.00233,3.20342573,-1.65106,1.3,ETV4,ETS variant 4,2118
725,1026,202308_at,0.0512485,0.00236,3.1989773,-1.6626,0.52,SREBF1,sterol regulatory element binding transcription factor 1,6720
726,1027,208579_x_at,0.051292,0.00237,3.19834637,-1.66424,0.986,H2BFS,H2B histone family member S,54145
727,1030,207993_s_at,0.0522771,0.00242,3.190742,-1.68395,0.578,CHP1,calcineurin like EF-hand protein 1,11261
728,1031,212464_s_at,0.052289,0.00242,3.1901174,-1.68556,1.41,FN1,fibronectin 1,2335
729,1033,210940_s_at,0.0524995,0.00244,3.18826081,-1.69037,0.896,GRM1,glutamate metabotropic receptor 1,2911
730,1037,216033_s_at,0.0530318,0.00247,3.18331274,-1.70317,0.532,FYN,"FYN proto-oncogene, Src family tyrosine kinase",2534
732,1041,210916_s_at,0.0530881,0.00248,3.18171413,-1.7073,0.705,CD44,CD44 molecule (Indian blood group),960
733,1047,208710_s_at,0.0534726,0.00251,3.17721097,-1.71894,1.37,AP3D1,adaptor related protein complex 3 delta 1 subunit,8943
738,1053,205857_at,0.0537914,0.00255,3.17291999,-1.73001,0.947,SLC18A2,solute carrier family 18 member A2,6571
740,1059,202284_s_at,0.0545719,0.0026,3.16611173,-1.74757,0.968,CDKN1A,cyclin dependent kinase inhibitor 1A,1026
743,1064,214635_at,0.0551772,0.00264,3.16048545,-1.76206,0.514,CLDN9,claudin 9,9080
744,1065,212186_at,0.0551772,0.00264,3.16035715,-1.76239,1.18,ACACA,acetyl-CoA carboxylase alpha,31
745,1066,212141_at,0.0553141,0.00265,3.15852578,-1.7671,0.949,MCM4,minichromosome maintenance complex component 4,4173
746,1071,222020_s_at,0.0554478,0.00267,3.15669309,-1.77181,1.26,LOC102725271///NTM,neurotrimin-like///neurotrimin,102725271///50863
747,1072,202800_at,0.0554823,0.00267,3.15615077,-1.77321,1.39,SLC1A3,solute carrier family 1 member 3,6507
750,1076,210384_at,0.0556252,0.00269,3.15392679,-1.77892,0.747,PRMT2,protein arginine methyltransferase 2,3275
753,1081,203348_s_at,0.0566776,0.00275,3.14579057,-1.79982,0.887,ETV5,ETS variant 5,2119
761,1097,203548_s_at,0.0587291,0.00289,3.12820642,-1.84484,1.31,LPL,lipoprotein lipase,4023
763,1100,207741_x_at,0.0590579,0.00292,3.12529175,-1.85229,0.873,TPSAB1,tryptase alpha/beta 1,7177
764,1101,218670_at,0.0591211,0.00292,3.12459796,-1.85406,0.693,PUS1,pseudouridylate synthase 1,80324
765,1107,213517_at,0.0599414,0.00298,3.11785558,-1.87127,0.651,PCBP2,poly(rC) binding protein 2,5094
767,1109,214164_x_at,0.0601693,0.003,3.11568993,-1.87679,1.21,CA12,carbonic anhydrase 12,771
768,1111,205034_at,0.0601693,0.003,3.11523014,-1.87797,0.631,CCNE2,cyclin E2,9134
769,1113,210951_x_at,0.0603155,0.00302,3.11377215,-1.88168,0.801,RAB27A,"RAB27A, member RAS oncogene family",5873
770,1115,211453_s_at,0.0604067,0.00303,3.11261092,-1.88464,1.43,AKT2,AKT serine/threonine kinase 2,208
771,1116,201292_at,0.060479,0.00303,3.11187557,-1.88651,1.63,TOP2A,topoisomerase (DNA) II alpha,7153
773,1129,202708_s_at,0.0612583,0.00311,3.10329967,-1.90834,0.569,HIST2H2BE,"histone cluster 2, H2be",8349
774,1130,216407_at,0.0614942,0.00312,3.10133475,-1.91333,1.07,VAC14,"Vac14, PIKFYVE complex component",55697
775,1133,206222_at,0.0620481,0.00316,3.09709854,-1.92409,0.953,TNFRSF10C,TNF receptor superfamily member 10c,8794
776,1134,203469_s_at,0.0620481,0.00316,3.09709819,-1.92409,0.537,CDK10,cyclin dependent kinase 10,8558
777,1135,201107_s_at,0.0620481,0.00316,3.09692072,-1.92455,0.543,THBS1,thrombospondin 1,7057
779,1138,205436_s_at,0.0621545,0.00318,3.09538739,-1.92844,0.583,H2AFX,H2A histone family member X,3014
781,1140,202574_s_at,0.0624605,0.0032,3.09303655,-1.9344,0.524,CSNK1G2,casein kinase 1 gamma 2,1455
786,1150,212063_at,0.0632494,0.00327,3.08552613,-1.95344,0.708,CD44,CD44 molecule (Indian blood group),960
787,1155,218883_s_at,0.0637403,0.00331,3.08124663,-1.96427,0.582,CENPU,centromere protein U,79682
793,1166,214757_at,0.065159,0.00341,3.07012308,-1.99238,1.12,PMS2P2,"PMS1 homolog 2, mismatch repair system component pseudogene 2",5380
798,1182,206714_at,0.0658061,0.00349,3.0617944,-2.01339,0.888,ALOX15B,"arachidonate 15-lipoxygenase, type B",247
799,1183,219233_s_at,0.0658313,0.0035,3.06135881,-2.01448,0.717,GSDMB,gasdermin B,55876
800,1187,210822_at,0.0658574,0.00351,3.06002157,-2.01785,0.978,RPL13P5///LRRC23,ribosomal protein L13 pseudogene 5///leucine rich repeat containing 23,283345///10233
801,1188,215138_s_at,0.0658956,0.00352,3.05951764,-2.01912,0.639,KAZN,"kazrin, periplakin interacting protein",23254
802,1190,215867_x_at,0.0659098,0.00353,3.05823101,-2.02236,1.13,CA12,carbonic anhydrase 12,771
803,1191,211163_s_at,0.0659098,0.00353,3.05815454,-2.02255,1.54,TNFRSF10C,TNF receptor superfamily member 10c,8794
805,1195,213482_at,0.0659098,0.00354,3.05711189,-2.02518,1.28,DOCK3,dedicator of cytokinesis 3,1795
806,1196,216056_at,0.0659098,0.00354,3.0567558,-2.02607,1.08,CD44,CD44 molecule (Indian blood group),960
810,1202,201354_s_at,0.0664453,0.00359,3.05241147,-2.037,0.819,BAZ2A,bromodomain adjacent to zinc finger domain 2A,11176
811,1203,205829_at,0.0664669,0.00359,3.05200056,-2.03804,0.885,HSD17B1,hydroxysteroid 17-beta dehydrogenase 1,3292
812,1205,222304_x_at,0.0665175,0.0036,3.05114053,-2.0402,0.816,OR7E47P,olfactory receptor family 7 subfamily E member 47 pseudogene,26628
814,1208,214021_x_at,0.0667775,0.00362,3.04887088,-2.0459,0.839,ITGB5,integrin subunit beta 5,3693
815,1215,205174_s_at,0.0670106,0.00366,3.04498777,-2.05565,1.65,QPCT,glutaminyl-peptide cyclotransferase,25797
817,1217,220764_at,0.0670106,0.00366,3.04487583,-2.05593,1.06,PPP4R2,protein phosphatase 4 regulatory subunit 2,151987
819,1221,203037_s_at,0.0673734,0.0037,3.04177853,-2.0637,0.55,MTSS1,metastasis suppressor 1,9788
820,1224,219331_s_at,0.0675993,0.00372,3.03984057,-2.06856,1.11,KLHDC8A,kelch domain containing 8A,55220
822,1227,218509_at,0.0678171,0.00374,3.03753713,-2.07434,0.689,PLPPR2,phospholipid phosphatase related 2,64748
824,1229,213616_at,0.0678468,0.00375,3.03708829,-2.07546,1.01,TPGS2,tubulin polyglutamylase complex subunit 2,25941
828,1244,209261_s_at,0.0688021,0.00384,3.02777985,-2.09876,1.05,NR2F6,nuclear receptor subfamily 2 group F member 6,2063
829,1245,217858_s_at,0.0689268,0.00386,3.026394,-2.10223,0.587,ARMCX3,"armadillo repeat containing, X-linked 3",51566
830,1246,204904_at,0.0689268,0.00386,3.02629337,-2.10248,0.912,GJA4,gap junction protein alpha 4,2701
831,1252,221624_at,0.0695093,0.00391,3.02184138,-2.1136,0.909,TCL6,T-cell leukemia/lymphoma 6 (non-protein coding),27004
832,1255,218436_at,0.0699463,0.00394,3.01874688,-2.12132,0.537,SIL1,SIL1 nucleotide exchange factor,64374
833,1259,221884_at,0.0704747,0.00399,3.01491901,-2.13087,0.9,MECOM,MDS1 and EVI1 complex locus,2122
837,1266,222090_at,0.0710275,0.00404,3.00991902,-2.14333,0.859,NDUFB2-AS1,NDUFB2 antisense RNA 1,100134713
838,1267,212575_at,0.0710275,0.00404,3.00964134,-2.14402,1.58,TMEM259,transmembrane protein 259,91304
839,1269,205993_s_at,0.0710275,0.00405,3.00910688,-2.14535,0.883,TBX2,T-box 2,6909
842,1279,217373_x_at,0.0710472,0.00408,3.00638437,-2.15213,0.76,MDM2,MDM2 proto-oncogene,4193
844,1281,213926_s_at,0.0712949,0.0041,3.00448227,-2.15686,0.711,AGFG1,ArfGAP with FG repeats 1,3267
845,1282,206765_at,0.0712949,0.0041,3.00429814,-2.15732,1.18,KCNJ2,potassium voltage-gated channel subfamily J member 2,3759
848,1287,212951_at,0.0716055,0.00414,3.00115398,-2.16514,0.683,ADGRF5,adhesion G protein-coupled receptor F5,221395
850,1289,203496_s_at,0.0716476,0.00415,3.0003684,-2.16709,1.13,MED1,mediator complex subunit 1,5469
851,1290,203755_at,0.0716476,0.00415,3.00024644,-2.16739,0.849,BUB1B,BUB1 mitotic checkpoint serine/threonine kinase B,701
852,1294,207189_s_at,0.0718942,0.00419,2.99725606,-2.17482,0.574,ZZEF1,zinc finger ZZ-type and EF-hand domain containing 1,23140
853,1295,209258_s_at,0.0718942,0.00419,2.99718717,-2.17499,0.634,SMC3,structural maintenance of chromosomes 3,9126
854,1297,214522_x_at,0.0718942,0.00419,2.99712725,-2.17514,1.03,HIST1H3D///HIST1H2AD,"histone cluster 1, H3d///histone cluster 1, H2ad",8351///3013
858,1303,212830_at,0.0720047,0.00421,2.99492018,-2.18062,0.719,MEGF9,multiple EGF like domains 9,1955
860,1319,208324_at,0.0734499,0.00436,2.98298934,-2.21019,1.06,AKAP13,A-kinase anchoring protein 13,11214
863,1328,205538_at,0.0738165,0.0044,2.9791563,-2.21967,1.08,CORO2A,coronin 2A,7464
864,1329,214671_s_at,0.074042,0.00442,2.97778701,-2.22305,1.08,ABR,active BCR-related,29
865,1331,206471_s_at,0.0740967,0.00443,2.9769795,-2.22505,0.656,PLXNC1,plexin C1,10154
869,1338,206273_at,0.0745531,0.00448,2.97276187,-2.23547,0.786,PRELID3A,PRELI domain containing 3A,10650
870,1339,219150_s_at,0.0745531,0.00448,2.97260866,-2.23585,0.918,ADAP1,ArfGAP with dual PH domains 1,11033
878,1356,220999_s_at,0.0756367,0.00461,2.96268219,-2.26032,0.526,CYFIP2,cytoplasmic FMR1 interacting protein 2,26999
880,1360,216135_at,0.075911,0.00464,2.96030157,-2.26619,0.597,IQCK,IQ motif containing K,124152
881,1361,209294_x_at,0.075911,0.00464,2.96021529,-2.2664,0.819,TNFRSF10B,TNF receptor superfamily member 10b,8795
882,1364,205793_x_at,0.0759628,0.00465,2.95917335,-2.26896,0.719,TNK1,tyrosine kinase non receptor 1,8711
883,1365,207353_s_at,0.0763599,0.00468,2.95702369,-2.27425,0.796,HMX1,H6 family homeobox 1,3166
884,1366,222165_x_at,0.0765214,0.00469,2.95599532,-2.27678,0.587,C9orf16,chromosome 9 open reading frame 16,79095
885,1371,212963_at,0.0773138,0.00476,2.95094652,-2.28919,0.51,TM2D1,TM2 domain containing 1,83941
887,1374,214266_s_at,0.0774234,0.00478,2.94964262,-2.29239,0.723,PDLIM7,PDZ and LIM domain 7,9260
889,1380,207425_s_at,0.0777759,0.00482,2.9464201,-2.3003,1.28,SEPT9,septin 9,10801
892,1386,206563_s_at,0.078334,0.00488,2.94225728,-2.31051,0.794,OPRL1,opioid related nociceptin receptor 1,4987
893,1388,207070_at,0.0784948,0.00489,2.94099099,-2.31362,0.798,RGR,retinal G protein coupled receptor,5995
895,1392,205659_at,0.079069,0.00494,2.93725629,-2.32277,0.948,HDAC9,histone deacetylase 9,9734
896,1396,213100_at,0.0793313,0.00497,2.93505973,-2.32814,0.702,UNC5B,unc-5 netrin receptor B,219699
899,1402,217611_at,0.0800337,0.00504,2.93030061,-2.33978,0.541,ERICH1,glutamate rich 1,157697
901,1407,202887_s_at,0.0806264,0.00509,2.9263245,-2.3495,0.564,DDIT4,DNA damage inducible transcript 4,54541
903,1414,216048_s_at,0.0825018,0.00524,2.91614741,-2.37432,0.715,RHOBTB3,Rho related BTB domain containing 3,22836
906,1417,215656_at,0.0830409,0.00528,2.91300105,-2.38198,0.906,LMAN2,"lectin, mannose binding 2",10960
908,1419,213326_at,0.0832813,0.00531,2.91143296,-2.3858,0.509,VAMP1,vesicle associated membrane protein 1,6843
909,1420,214251_s_at,0.0832856,0.00531,2.91108872,-2.38663,0.745,NUMA1,nuclear mitotic apparatus protein 1,4926
910,1422,205402_x_at,0.0833419,0.00533,2.90999134,-2.3893,1.06,PRSS2,"protease, serine 2",5645
912,1425,206524_at,0.0835264,0.00535,2.90882247,-2.39215,0.801,T,T brachyury transcription factor,6862
916,1432,203717_at,0.0836092,0.00538,2.90667334,-2.39737,1.24,DPP4,dipeptidyl peptidase 4,1803
917,1433,220778_x_at,0.0836226,0.00538,2.90636016,-2.39813,0.783,SEMA6B,semaphorin 6B,10501
921,1439,210977_s_at,0.0839552,0.00543,2.90316905,-2.40589,1.11,HSF4,heat shock transcription factor 4,3299
922,1447,209991_x_at,0.0848719,0.00552,2.89739031,-2.41991,0.911,GABBR2,gamma-aminobutyric acid type B receptor subunit 2,9568
923,1448,205523_at,0.0848744,0.00552,2.89712697,-2.42055,1.46,HAPLN1,hyaluronan and proteoglycan link protein 1,1404
924,1449,215559_at,0.0848794,0.00552,2.89685309,-2.42121,1.09,LOC101930322///ABCC6,multidrug resistance-associated protein 6-like///ATP binding cassette subfamily C member 6,101930322///368
925,1450,209514_s_at,0.0849152,0.00553,2.8964467,-2.4222,0.502,RAB27A,"RAB27A, member RAS oncogene family",5873
926,1451,209920_at,0.0849765,0.00554,2.89593092,-2.42345,0.7,BMPR2,bone morphogenetic protein receptor type 2,659
930,1469,217007_s_at,0.0863912,0.0057,2.88537171,-2.44901,0.935,ADAM15,ADAM metallopeptidase domain 15,8751
931,1470,202600_s_at,0.0864546,0.00571,2.88485307,-2.45027,0.814,NRIP1,nuclear receptor interacting protein 1,8204
933,1476,206796_at,0.0869885,0.00577,2.88083988,-2.45996,1.09,WISP1,WNT1 inducible signaling pathway protein 1,8840
934,1477,219606_at,0.0869885,0.00577,2.8807085,-2.46028,0.71,PHF20L1,PHD finger protein 20-like 1,51105
938,1483,217523_at,0.0870897,0.0058,2.87878391,-2.46493,0.834,CD44,CD44 molecule (Indian blood group),960
941,1489,64899_at,0.0874437,0.00585,2.87596902,-2.47172,0.515,PLPPR2,phospholipid phosphatase related 2,64748
943,1493,211503_s_at,0.0876408,0.00588,2.87415726,-2.47609,0.503,RAB14,"RAB14, member RAS oncogene family",51552
947,1499,219157_at,0.0881452,0.00593,2.87057448,-2.48472,0.548,KLHL2,kelch like family member 2,11275
948,1500,220080_at,0.0882779,0.00595,2.86977622,-2.48665,0.996,FBXL8,F-box and leucine rich repeat protein 8,55336
951,1505,206884_s_at,0.0887267,0.006,2.86650467,-2.49452,2.28,SCEL,sciellin,8796
952,1506,211947_s_at,0.0887267,0.006,2.86644348,-2.49467,1.37,PRRC2C,proline rich coiled-coil 2C,23215
954,1511,214344_at,0.0890294,0.00604,2.86397063,-2.50062,0.779,LINC00950,long intergenic non-protein coding RNA 950,92973
956,1515,220789_s_at,0.089358,0.00608,2.86164096,-2.50622,0.837,SNORA5B///TBRG4,"small nucleolar RNA, H/ACA box 5B///transforming growth factor beta regulator 4",677795///9238
959,1526,221521_s_at,0.0905365,0.0062,2.85414654,-2.52422,1.39,GINS2,GINS complex subunit 2,51659
961,1532,219976_at,0.0912003,0.00628,2.84970723,-2.53486,0.511,HOOK1,hook microtubule tethering protein 1,51361
964,1536,221291_at,0.0912003,0.0063,2.84856398,-2.5376,0.834,ULBP2,UL16 binding protein 2,80328
965,1538,204166_at,0.0912003,0.0063,2.84838796,-2.53803,1.11,SBNO2,strawberry notch homolog 2,22904
968,1548,206967_at,0.0920464,0.0064,2.84275566,-2.55151,0.563,CCNT1,cyclin T1,904
969,1549,216139_s_at,0.0920557,0.0064,2.84247974,-2.55217,0.956,MAPK8IP3,mitogen-activated protein kinase 8 interacting protein 3,23162
972,1554,220221_at,0.0923465,0.00645,2.84007174,-2.55793,0.685,VPS13D,vacuolar protein sorting 13 homolog D,55187
973,1561,204293_at,0.0934437,0.00655,2.83408803,-2.57222,0.898,SGSH,N-sulfoglucosamine sulfohydrolase,6448
975,1563,205535_s_at,0.0943127,0.00662,2.83002449,-2.58192,1.22,PCDH7,protocadherin 7,5099
978,1569,204014_at,0.0947908,0.00668,2.82688967,-2.58939,1.64,DUSP4,dual specificity phosphatase 4,1846
979,1570,206877_at,0.0949323,0.00669,2.82610002,-2.59127,0.501,MXD1,MAX dimerization protein 1,4084
981,1573,218891_at,0.0961627,0.00679,2.82052209,-2.60455,0.524,C10orf76,chromosome 10 open reading frame 76,79591
982,1575,218922_s_at,0.0961627,0.00681,2.81989999,-2.60603,0.624,CERS4,ceramide synthase 4,79603
983,1579,215464_s_at,0.0961768,0.00682,2.81914452,-2.60783,0.526,P2RX5-TAX1BP3///TAX1BP3///P2RX5,P2RX5-TAX1BP3 readthrough (NMD candidate)///Tax1 binding protein 3///purinergic receptor P2X 5,100533970///30851///5026
984,1581,221577_x_at,0.0962915,0.00684,2.81790875,-2.61077,1.38,GDF15,growth differentiation factor 15,9518
987,1587,203986_at,0.0963352,0.00687,2.81665642,-2.61374,0.551,FAM47E-STBD1///FAM47E///STBD1,FAM47E-STBD1 readthrough///family with sequence similarity 47 member E///starch binding domain 1,100631383///100129583///8987
988,1588,204924_at,0.0963955,0.00687,2.81619013,-2.61485,0.703,TLR2,toll like receptor 2,7097
993,1604,203787_at,0.0983864,0.00709,2.80485401,-2.64175,0.577,SSBP2,single stranded DNA binding protein 2,23635
994,1609,201291_s_at,0.0988561,0.00714,2.8018358,-2.6489,1.58,TOP2A,topoisomerase (DNA) II alpha,7153
995,1612,208478_s_at,0.0989312,0.00716,2.80094288,-2.65101,0.632,BAX,"BCL2 associated X, apoptosis regulator",581
998,1617,214475_x_at,0.0996971,0.00724,2.79691168,-2.66055,1.87,CAPN3,calpain 3,825
999,1618,217542_at,0.0998317,0.00725,2.79612185,-2.66242,0.708,MDM2,MDM2 proto-oncogene,4193
1001,1636,204015_s_at,0.1011423,0.00743,2.78710341,-2.68371,1.25,DUSP4,dual specificity phosphatase 4,1846
1004,1639,213121_at,0.1011483,0.00745,2.78631755,-2.68556,0.916,SNRNP70,small nuclear ribonucleoprotein U1 subunit 70,6625
1005,1640,221734_at,0.1011483,0.00745,2.78603114,-2.68624,0.509,PRRC1,proline rich coiled-coil 1,133619
1007,1642,206137_at,0.1011483,0.00748,2.78466687,-2.68946,0.819,RIMS2,regulating synaptic membrane exocytosis 2,9699
1008,1644,206617_s_at,0.1011483,0.00748,2.78452745,-2.68978,0.69,RENBP,renin binding protein,5973
1009,1645,219700_at,0.1011483,0.00749,2.78432903,-2.69025,0.601,PLXDC1,plexin domain containing 1,57125
1014,1652,211431_s_at,0.1012983,0.00751,2.78295984,-2.69348,0.55,TYRO3,TYRO3 protein tyrosine kinase,7301
1015,1654,205095_s_at,0.1014585,0.00754,2.78191588,-2.69594,0.73,ATP6V0A1,ATPase H+ transporting V0 subunit a1,535
1020,1666,201506_at,0.1026329,0.00768,2.77461197,-2.71312,0.96,TGFBI,transforming growth factor beta induced,7045
1024,1672,202111_at,0.1030201,0.00774,2.77193085,-2.71942,1.14,SLC4A2,solute carrier family 4 member 2,6522
1027,1678,213638_at,0.1035148,0.00781,2.76867415,-2.72707,0.988,PHACTR1,phosphatase and actin regulator 1,221692
1029,1680,207054_at,0.1035148,0.00781,2.76855178,-2.72736,0.681,IMPG1,interphotoreceptor matrix proteoglycan 1,3617
1031,1685,211828_s_at,0.1037094,0.00785,2.76658288,-2.73198,1.18,TNIK,TRAF2 and NCK interacting kinase,23043
1032,1686,218775_s_at,0.1037094,0.00785,2.76650902,-2.73215,0.71,WWC2///CLDN22,WW and C2 domain containing 2///claudin 22,80014///53842
1037,1703,217787_s_at,0.1049568,0.00803,2.75814704,-2.75175,0.514,GALNT2,polypeptide N-acetylgalactosaminyltransferase 2,2590
1038,1705,205508_at,0.1049568,0.00804,2.75780587,-2.75254,0.544,SCN1B,sodium voltage-gated channel beta subunit 1,6324
1040,1708,217161_x_at,0.1054117,0.00808,2.75551728,-2.7579,0.715,ACAN,aggrecan,176
1041,1713,213601_at,0.1059012,0.00815,2.7526732,-2.76455,0.843,SLIT1,slit guidance ligand 1,6585
1044,1720,221944_at,0.1062278,0.0082,2.74997782,-2.77085,0.653,FLJ42627,uncharacterized LOC645644,645644
1045,1724,206934_at,0.1068809,0.00828,2.74673233,-2.77842,0.985,SIRPB1,signal regulatory protein beta 1,10326
1046,1727,216641_s_at,0.1068867,0.00829,2.7459555,-2.78024,0.819,LAD1,ladinin 1,3898
1049,1732,214464_at,0.1071062,0.00834,2.743814,-2.78523,0.513,CDC42BPA,CDC42 binding protein kinase alpha,8476
1051,1735,207484_s_at,0.1071062,0.00835,2.74341046,-2.78617,0.53,EHMT2,euchromatic histone lysine methyltransferase 2,10919
1052,1736,208606_s_at,0.1071062,0.00835,2.74333149,-2.78635,1.13,WNT4,Wnt family member 4,54361
1054,1739,210457_x_at,0.1072335,0.00838,2.7422129,-2.78896,0.848,HMGA1,high mobility group AT-hook 1,3159
1055,1741,206409_at,0.107236,0.00838,2.74184153,-2.78983,1.05,TIAM1,T-cell lymphoma invasion and metastasis 1,7074
1056,1742,219047_s_at,0.1072507,0.0084,2.74101732,-2.79175,0.727,ZNF668,zinc finger protein 668,79759
1057,1746,201831_s_at,0.1072507,0.00842,2.74040199,-2.79318,0.599,USO1,USO1 vesicle transport factor,8615
1058,1748,220085_at,0.1072507,0.00842,2.74027562,-2.79348,0.979,HELLS,"helicase, lymphoid-specific",3070
1060,1751,206023_at,0.1074957,0.00845,2.73876667,-2.79699,2.03,NMU,neuromedin U,10874
1062,1753,209885_at,0.1075586,0.00847,2.73797706,-2.79883,0.676,RHOD,ras homolog family member D,29984
1065,1757,205119_s_at,0.1075586,0.00849,2.73725448,-2.80051,0.769,FPR1,formyl peptide receptor 1,2357
1067,1762,209081_s_at,0.1075936,0.00851,2.73600697,-2.80341,0.661,COL18A1,collagen type XVIII alpha 1 chain,80781
1070,1767,219387_at,0.1079599,0.00857,2.73370304,-2.80877,1.15,CCDC88A,coiled-coil domain containing 88A,55704
1071,1771,203441_s_at,0.1084751,0.00863,2.73104768,-2.81495,0.613,CDH2,cadherin 2,1000
1072,1778,206611_at,0.1090247,0.0087,2.72764297,-2.82285,0.594,C2orf27A,chromosome 2 open reading frame 27A,29798
1073,1784,212012_at,0.1095846,0.00878,2.72442781,-2.83032,0.545,PXDN,peroxidasin,7837
1078,1795,217192_s_at,0.1099701,0.00886,2.72076839,-2.8388,0.531,PRDM1,PR/SET domain 1,639
1080,1803,209622_at,0.111159,0.009,2.71500283,-2.85215,0.532,STK16,serine/threonine kinase 16,8576
1082,1816,217847_s_at,0.1127242,0.00919,2.70689417,-2.87089,0.771,THRAP3,thyroid hormone receptor associated protein 3,9967
1084,1819,216548_x_at,0.1131711,0.00924,2.70482975,-2.87565,0.741,HMGB3P1,high mobility group box 3 pseudogene 1,128872
1085,1821,208221_s_at,0.1133049,0.00927,2.70385996,-2.87789,0.937,SLIT1,slit guidance ligand 1,6585
1087,1823,221455_s_at,0.11331,0.00928,2.70352764,-2.87866,0.789,LOC101929777///WNT3,uncharacterized LOC101929777///Wnt family member 3,101929777///7473
1090,1830,200616_s_at,0.1142423,0.00939,2.69890268,-2.88932,0.607,MLEC,malectin,9761
1091,1831,220921_at,0.1142423,0.0094,2.69843946,-2.89039,1.03,SPANXB1,SPANX family member B1,728695
1093,1839,203236_s_at,0.1144597,0.00945,2.69623929,-2.89545,0.899,LGALS9,galectin 9,3965
1095,1841,219042_at,0.1148184,0.00949,2.69475016,-2.89888,1.07,LZTS1,leucine zipper tumor suppressor 1,11178
1097,1843,211611_s_at,0.1149938,0.00952,2.6936546,-2.9014,0.89,TNXB///ATF6B,tenascin XB///activating transcription factor 6 beta,7148///1388
1098,1844,215552_s_at,0.1149938,0.00952,2.69346843,-2.90183,0.611,ESR1,estrogen receptor 1,2099
1099,1845,205016_at,0.1149938,0.00954,2.69298628,-2.90294,0.721,TGFA,transforming growth factor alpha,7039
1100,1847,221810_at,0.1149938,0.00954,2.69263739,-2.90374,0.662,RAB15,"RAB15, member RAS oncogene family",376267
1101,1849,210246_s_at,0.1149938,0.00955,2.69251527,-2.90402,1.2,ABCC8,ATP binding cassette subfamily C member 8,6833
1104,1858,221237_s_at,0.1163111,0.0097,2.68631511,-2.91826,0.694,OSBP2,oxysterol binding protein 2,23762
1105,1866,211599_x_at,0.1170154,0.0098,2.68236733,-2.92732,0.603,MET,"MET proto-oncogene, receptor tyrosine kinase",4233
1106,1870,202855_s_at,0.1171458,0.00984,2.68096079,-2.93055,0.878,MIR6787///SLC16A3,microRNA 6787///solute carrier family 16 member 3,102465472///9123
1107,1872,204669_s_at,0.1176459,0.0099,2.67878595,-2.93553,1.22,RNF24,ring finger protein 24,11237
1108,1873,210735_s_at,0.1176459,0.0099,2.67870186,-2.93572,0.972,CA12,carbonic anhydrase 12,771
1110,1879,212093_s_at,0.1182166,0.00997,2.67580575,-2.94235,0.512,MTUS1,microtubule associated tumor suppressor 1,57509
1111,1880,219636_s_at,0.1182572,0.00998,2.67547094,-2.94312,0.799,ARMC9,armadillo repeat containing 9,80210
1112,1882,219978_s_at,0.118261,0.01,2.67474822,-2.94477,1.34,NUSAP1,nucleolar and spindle associated protein 1,51203
1113,1883,204775_at,0.118261,0.01,2.67469249,-2.9449,0.762,CHAF1B,chromatin assembly factor 1 subunit B,8208
1114,1884,213135_at,0.118261,0.01,2.67464509,-2.94501,1.04,TIAM1,T-cell lymphoma invasion and metastasis 1,7074
1118,1890,202660_at,0.1183938,0.01,2.67299805,-2.94878,0.532,ITPR2,"inositol 1,4,5-trisphosphate receptor type 2",3709
1119,1892,201978_s_at,0.1185982,0.0101,2.67193246,-2.95121,0.583,KIAA0141,KIAA0141,9812
1121,1897,214701_s_at,0.1193723,0.0102,2.66842755,-2.95922,1.02,FN1,fibronectin 1,2335
1123,1901,207192_at,0.119374,0.0102,2.66750309,-2.96133,0.748,DNASE1L2,deoxyribonuclease 1 like 2,1775
1130,1925,209235_at,0.1210624,0.0105,2.65740793,-2.98436,0.92,CLCN7,chloride voltage-gated channel 7,1186
1132,1929,203963_at,0.1211635,0.0105,2.65628941,-2.9869,1.18,CA12,carbonic anhydrase 12,771
1133,1930,202044_at,0.1211988,0.0105,2.65597828,-2.98761,0.755,ARHGAP35,Rho GTPase activating protein 35,2909
1135,1935,204947_at,0.1217039,0.0106,2.6533225,-2.99365,0.553,E2F1,E2F transcription factor 1,1869
1136,1936,206008_at,0.1217039,0.0106,2.65318552,-2.99396,0.789,TGM1,transglutaminase 1,7051
1137,1938,204263_s_at,0.1217929,0.0106,2.6525074,-2.99551,0.91,CPT2,carnitine palmitoyltransferase 2,1376
1140,1946,219723_x_at,0.1233405,0.0108,2.64605974,-3.01015,0.528,AGPAT3,1-acylglycerol-3-phosphate O-acyltransferase 3,56894
1141,1947,207194_s_at,0.12346,0.0108,2.64545428,-3.01153,0.604,ICAM4,intercellular adhesion molecule 4 (Landsteiner-Wiener blood group),3386
1142,1948,211613_s_at,0.12346,0.0108,2.645291,-3.0119,0.78,GPD2,glycerol-3-phosphate dehydrogenase 2,2820
1143,1949,208330_at,0.1236362,0.0108,2.64435508,-3.01402,0.66,ALX4,ALX homeobox 4,60529
1150,1968,220983_s_at,0.1244898,0.011,2.6377866,-3.02891,1.01,MIR612///NEAT1,microRNA 612///nuclear paraspeckle assembly transcript 1 (non-protein coding),693197///283131
1151,1970,204503_at,0.1244898,0.011,2.63764089,-3.02924,0.921,EVPL,envoplakin,2125
1152,1972,204974_at,0.1246002,0.011,2.63702365,-3.03064,0.839,RAB3A,"RAB3A, member RAS oncogene family",5864
1154,1974,214209_s_at,0.1247615,0.0111,2.63613281,-3.03266,0.608,ABCB9,ATP binding cassette subfamily B member 9,23457
1155,1978,214803_at,0.1254995,0.0111,2.63307279,-3.03958,0.697,CDH6,cadherin 6,1004
1156,1985,214811_at,0.1259262,0.0112,2.63023023,-3.046,0.958,RIMBP2,RIMS binding protein 2,23504
1157,1989,37892_at,0.1262262,0.0113,2.62869728,-3.04947,1.26,COL11A1,collagen type XI alpha 1 chain,1301
1162,1997,219311_at,0.1267573,0.0114,2.62548291,-3.05672,0.784,CEP76,centrosomal protein 76,79959
1163,2000,215129_at,0.1268716,0.0114,2.62441079,-3.05914,0.538,PIK3C2G,phosphatidylinositol-4-phosphate 3-kinase catalytic subunit type 2 gamma,5288
1164,2002,203092_at,0.1268734,0.0114,2.62419829,-3.05962,0.934,TIMM44,translocase of inner mitochondrial membrane 44,10469
1165,2003,220171_x_at,0.1269733,0.0114,2.62370014,-3.06075,0.558,GPALPP1,GPALPP motifs containing 1,55425
1167,2007,206981_at,0.1270508,0.0115,2.6224569,-3.06355,1.09,SCN4A,sodium voltage-gated channel alpha subunit 4,6329
1169,2011,209365_s_at,0.1270508,0.0115,2.62185062,-3.06492,1.1,ECM1,extracellular matrix protein 1,1893
1171,2014,219425_at,0.1271786,0.0115,2.62095366,-3.06694,0.504,SULT4A1,sulfotransferase family 4A member 1,25830
1172,2016,222374_at,0.1274955,0.0115,2.61948086,-3.07026,0.875,BTRC,beta-transducin repeat containing E3 ubiquitin protein ligase,8945
1173,2020,213667_at,0.1280394,0.0116,2.61715916,-3.07548,0.647,TMEM265///SRCAP,transmembrane protein 265///Snf2-related CREBBP activator protein,100862671///10847
1174,2022,209052_s_at,0.128072,0.0116,2.61663693,-3.07666,0.799,WHSC1,Wolf-Hirschhorn syndrome candidate 1,7468
1175,2024,212992_at,0.128072,0.0116,2.61620113,-3.07764,1.02,AHNAK2,AHNAK nucleoprotein 2,113146
1176,2025,203409_at,0.128072,0.0116,2.61612927,-3.0778,0.641,DDB2,damage specific DNA binding protein 2,1643
1177,2027,215340_at,0.1285457,0.0117,2.6143138,-3.08189,0.722,ADCY1,adenylate cyclase 1,107
1181,2038,217634_at,0.1292644,0.0118,2.61004895,-3.09147,0.725,SVIL,supervillin,6840
1182,2039,215395_x_at,0.1293063,0.0118,2.60973269,-3.09218,0.53,PRSS3P2,"protease, serine 3 pseudogene 2",154754
1183,2044,211879_x_at,0.1297681,0.0119,2.60739615,-3.09743,0.86,PCDHGA3,"protocadherin gamma subfamily A, 3",56112
1185,2047,213423_x_at,0.129968,0.0119,2.60614659,-3.10024,0.796,TUSC3,tumor suppressor candidate 3,7991
1187,2051,210829_s_at,0.1300532,0.012,2.60521453,-3.10233,0.517,SSBP2,single stranded DNA binding protein 2,23635
1188,2053,214520_at,0.1300756,0.012,2.60470389,-3.10347,0.725,FOXC2,forkhead box C2,2303
1189,2054,207254_at,0.1300756,0.012,2.60457964,-3.10375,0.987,SLC15A1,solute carrier family 15 member 1,6564
1190,2056,204254_s_at,0.1305039,0.0121,2.60281202,-3.10771,0.756,VDR,"vitamin D (1,25- dihydroxyvitamin D3) receptor",7421
1193,2061,219066_at,0.1309559,0.0121,2.60052449,-3.11284,0.548,PPCDC,phosphopantothenoylcysteine decarboxylase,60490
1201,2087,205424_at,0.1327909,0.0124,2.59032603,-3.13565,0.641,TBKBP1,TBK1 binding protein 1,9755
1202,2088,215789_s_at,0.1328182,0.0125,2.58995699,-3.13648,0.691,AJAP1,adherens junctions associated protein 1,55966
1203,2094,221628_s_at,0.1338725,0.0126,2.58569034,-3.146,0.608,GLYR1,glyoxylate reductase 1 homolog,84656
1205,2101,214874_at,0.1347789,0.0127,2.58184952,-3.15456,0.699,PKP4,plakophilin 4,8502
1206,2102,205640_at,0.1347789,0.0127,2.58172657,-3.15484,1.05,ALDH3B1,aldehyde dehydrogenase 3 family member B1,221
1207,2103,209270_at,0.1348006,0.0127,2.58147782,-3.15539,1.37,LAMB3,laminin subunit beta 3,3914
1208,2105,217550_at,0.1349715,0.0128,2.58051407,-3.15754,0.708,ATF6,activating transcription factor 6,22926
1209,2106,205463_s_at,0.1349715,0.0128,2.58042525,-3.15774,0.548,PDGFA,platelet derived growth factor subunit A,5154
1210,2109,218081_at,0.1350907,0.0128,2.57935285,-3.16012,0.889,C20orf27,chromosome 20 open reading frame 27,54976
1212,2117,219975_x_at,0.1353905,0.0129,2.57717586,-3.16497,0.532,OLAH,oleoyl-ACP hydrolase,55301
1215,2123,220346_at,0.1355854,0.0129,2.57542605,-3.16886,0.657,MTHFD2L,methylenetetrahydrofolate dehydrogenase (NADP+ dependent) 2-like,441024
1217,2134,206832_s_at,0.1373248,0.0132,2.5684872,-3.18428,0.723,SEMA3F,semaphorin 3F,6405
1218,2137,205809_s_at,0.1375421,0.0132,2.56731639,-3.18688,1.14,WASL,Wiskott-Aldrich syndrome like,8976
1219,2138,202934_at,0.1375712,0.0132,2.56705007,-3.18747,0.798,HK2,hexokinase 2,3099
1220,2139,212895_s_at,0.1376176,0.0132,2.56673445,-3.18817,0.536,ABR,active BCR-related,29
1222,2145,209301_at,0.1382504,0.0133,2.56383546,-3.19459,0.76,CA2,carbonic anhydrase 2,760
1223,2146,209996_x_at,0.1384397,0.0133,2.56311536,-3.19619,1.06,PCM1,pericentriolar material 1,5108
1228,2151,219612_s_at,0.138674,0.0134,2.56153794,-3.19968,0.809,FGG,fibrinogen gamma chain,2266
1230,2160,214936_at,0.1391322,0.0135,2.55860249,-3.20618,0.811,LRCH1,leucine rich repeats and calponin homology domain containing 1,23143
1233,2172,217199_s_at,0.139467,0.0136,2.55548026,-3.21309,0.827,STAT2,signal transducer and activator of transcription 2,6773
1234,2175,207066_at,0.1397128,0.0137,2.55378046,-3.21685,0.533,HRC,histidine rich calcium binding protein,3270
1238,2189,216052_x_at,0.1397665,0.0137,2.55142948,-3.22204,0.708,ARTN,artemin,9048
1239,2193,201796_s_at,0.1398018,0.0138,2.55058942,-3.22389,0.95,VARS,valyl-tRNA synthetase,7407
1240,2194,220521_s_at,0.1398018,0.0138,2.55057274,-3.22393,0.692,ATG16L1,autophagy related 16 like 1,55054
1241,2195,221141_x_at,0.13993,0.0138,2.54989163,-3.22543,0.612,EPN1,epsin 1,29924
1244,2200,201467_s_at,0.1399986,0.0138,2.54883634,-3.22776,1.57,NQO1,NAD(P)H quinone dehydrogenase 1,1728
1247,2206,214437_s_at,0.1406309,0.0139,2.54600432,-3.23401,0.622,SHMT2,serine hydroxymethyltransferase 2,6472
1249,2209,218835_at,0.1406478,0.014,2.54537217,-3.2354,1.45,SFTPA2///SFTPA1,surfactant protein A2///surfactant protein A1,729238///653509
1252,2217,202669_s_at,0.1406901,0.014,2.54385146,-3.23875,0.575,EFNB2,ephrin B2,1948
1254,2220,210979_at,0.1409624,0.0141,2.54267369,-3.24135,0.898,ASAH1,N-acylsphingosine amidohydrolase 1,427
1255,2228,222361_at,0.1416551,0.0142,2.53932058,-3.24873,0.668,TUBBP5,tubulin beta pseudogene 5,643224
1256,2229,204833_at,0.1416799,0.0142,2.53907446,-3.24927,0.91,ATG12,autophagy related 12,9140
1257,2230,211540_s_at,0.1418999,0.0142,2.5382847,-3.251,0.517,RB1,RB transcriptional corepressor 1,5925
1258,2231,216227_at,0.142007,0.0142,2.5378098,-3.25205,0.713,LOC105379655,uncharacterized LOC105379655,105379655
1262,2243,215337_at,0.1430972,0.0144,2.53250798,-3.2637,0.581,MED24,mediator complex subunit 24,9862
1265,2250,211890_x_at,0.1437644,0.0145,2.52942955,-3.27045,1.29,CAPN3,calpain 3,825
1266,2252,207704_s_at,0.1437973,0.0145,2.52915544,-3.27105,0.559,GAS7,growth arrest specific 7,8522
1268,2264,222036_s_at,0.1454954,0.0148,2.52240252,-3.28585,0.536,MCM4,minichromosome maintenance complex component 4,4173
1272,2269,209228_x_at,0.1460619,0.0149,2.51998752,-3.29113,0.778,TUSC3,tumor suppressor candidate 3,7991
1273,2271,40560_at,0.1465755,0.0149,2.51824595,-3.29494,0.715,TBX2,T-box 2,6909
1275,2273,204600_at,0.146872,0.015,2.51708167,-3.29749,0.578,EPHB3,EPH receptor B3,2049
1276,2274,214487_s_at,0.146872,0.015,2.51692053,-3.29784,0.625,RAP2B///RAP2A,"RAP2B, member of RAS oncogene family///RAP2A, member of RAS oncogene family",5912///5911
1277,2276,212466_at,0.1470628,0.015,2.51591229,-3.30004,0.841,SPRED2,sprouty related EVH1 domain containing 2,200734
1280,2285,221890_at,0.1474925,0.0151,2.51333185,-3.30568,0.803,ZNF335,zinc finger protein 335,63925
1284,2298,205606_at,0.1486835,0.0153,2.5078817,-3.31756,0.572,LRP6,LDL receptor related protein 6,4040
1289,2308,200660_at,0.1490137,0.0154,2.50509684,-3.32363,0.8,S100A11,S100 calcium binding protein A11,6282
1290,2310,204424_s_at,0.1490137,0.0155,2.50481843,-3.32423,0.708,LMO3,LIM domain only 3,55885
1293,2324,213091_at,0.1497964,0.0156,2.5004373,-3.33376,0.573,CRTC1,CREB regulated transcription coactivator 1,23373
1295,2327,204727_at,0.1498636,0.0157,2.49961619,-3.33555,1.01,WDHD1,WD repeat and HMG-box DNA binding protein 1,11169
1298,2343,208404_x_at,0.1519861,0.016,2.49140347,-3.35338,0.552,KCNJ5,potassium voltage-gated channel subfamily J member 5,3762
1300,2350,208364_at,0.1524556,0.0161,2.48868398,-3.35927,0.689,INPP4A,inositol polyphosphate-4-phosphatase type I A,3631
1302,2353,202338_at,0.1524556,0.0161,2.48825769,-3.36019,0.758,TK1,thymidine kinase 1,7083
1303,2354,207763_at,0.1524556,0.0161,2.48820474,-3.36031,1.19,S100A5,S100 calcium binding protein A5,6276
1304,2355,210559_s_at,0.1524556,0.0161,2.48794854,-3.36086,0.577,CDK1,cyclin dependent kinase 1,983
1305,2356,208063_s_at,0.1524556,0.0161,2.48779106,-3.3612,0.715,CAPN9,calpain 9,10753
1307,2359,211725_s_at,0.1526654,0.0162,2.48690476,-3.36312,0.778,BID,BH3 interacting domain death agonist,637
1308,2364,201806_s_at,0.1529056,0.0162,2.48519382,-3.36682,0.775,ATXN2L,ataxin 2 like,11273
1311,2373,220434_at,0.1541344,0.0164,2.48055795,-3.37685,0.745,COQ8B,coenzyme Q8B,79934
1316,2382,202586_at,0.1544862,0.0165,2.47811046,-3.38213,0.582,POLR2L,RNA polymerase II subunit L,5441
1319,2389,205465_x_at,0.1554006,0.0167,2.47474091,-3.3894,0.615,HS3ST1,heparan sulfate-glucosamine 3-sulfotransferase 1,9957
1321,2397,201917_s_at,0.1561623,0.0168,2.47117913,-3.39708,0.52,SLC25A36,solute carrier family 25 member 36,55186
1322,2404,221567_at,0.1568431,0.0169,2.46849749,-3.40286,0.625,NOL3,nucleolar protein 3,8996
1323,2405,204817_at,0.1568431,0.0169,2.46833591,-3.4032,0.596,ESPL1,"extra spindle pole bodies like 1, separase",9700
1324,2406,205580_s_at,0.1568431,0.0169,2.46819106,-3.40352,0.699,HRH1,histamine receptor H1,3269
1325,2408,210605_s_at,0.1570697,0.017,2.46727795,-3.40548,0.79,MFGE8,milk fat globule-EGF factor 8 protein,4240
1327,2411,215092_s_at,0.157444,0.017,2.46582192,-3.40861,0.993,NFAT5,nuclear factor of activated T-cells 5,10725
1328,2412,214542_x_at,0.1575491,0.0171,2.46514809,-3.41006,0.732,HIST1H2AH///HIST1H2AG///HIST1H2AM///HIST1H2AL///HIST1H2AK///HIST1H2AI,"histone cluster 1, H2ah///histone cluster 1, H2ag///histone cluster 1, H2am///histone cluster 1, H2al///histone cluster 1, H2ak///histone cluster 1, H2ai",85235///8969///8336///8332///8330///8329
1329,2413,211250_s_at,0.1575491,0.0171,2.46510724,-3.41015,0.748,SH3BP2,SH3 domain binding protein 2,6452
1331,2421,212143_s_at,0.1581202,0.0172,2.46243696,-3.41589,0.655,IGFBP3,insulin like growth factor binding protein 3,3486
1334,2431,216129_at,0.1584931,0.0173,2.45983281,-3.42148,0.698,ATP9A,ATPase phospholipid transporting 9A (putative),10079
1335,2437,219842_at,0.1587313,0.0174,2.45823704,-3.4249,0.534,ARL15,ADP ribosylation factor like GTPase 15,54622
1337,2444,204159_at,0.1595145,0.0175,2.45505625,-3.43172,0.55,CDKN2C,cyclin dependent kinase inhibitor 2C,1031
1342,2461,211145_x_at,0.1612285,0.0178,2.44789191,-3.44706,0.895,IFNA21,interferon alpha 21,3452
1346,2471,205228_at,0.1617324,0.0179,2.4450682,-3.4531,0.672,RBMS2,RNA binding motif single stranded interacting protein 2,5939
1350,2489,213274_s_at,0.1636412,0.0183,2.43743118,-3.46939,0.547,CTSB,cathepsin B,1508
1351,2495,218834_s_at,0.1638565,0.0184,2.43592556,-3.4726,0.917,TMEM132A,transmembrane protein 132A,54972
1353,2504,207610_s_at,0.1652917,0.0186,2.43085184,-3.4834,0.632,ADGRE2,adhesion G protein-coupled receptor E2,30817
1354,2506,219099_at,0.1652917,0.0186,2.43048643,-3.48418,0.506,TIGAR,TP53 induced glycolysis regulatory phosphatase,57103
1355,2508,210666_at,0.1652917,0.0186,2.43029105,-3.48459,0.663,IDS,iduronate 2-sulfatase,3423
1357,2512,212013_at,0.1655062,0.0187,2.42911988,-3.48708,0.828,PXDN,peroxidasin,7837
1358,2516,213495_s_at,0.1660504,0.0188,2.42714416,-3.49128,0.821,RRBP1,ribosome binding protein 1,6238
1359,2519,208657_s_at,0.1661328,0.0188,2.42645986,-3.49273,0.557,SEPT9,septin 9,10801
1360,2520,201468_s_at,0.166264,0.0188,2.4259789,-3.49376,0.883,NQO1,NAD(P)H quinone dehydrogenase 1,1728
1363,2530,210372_s_at,0.1671091,0.019,2.42231489,-3.50153,0.578,TPD52L1,tumor protein D52-like 1,7164
1364,2532,211299_s_at,0.1671284,0.019,2.42184781,-3.50252,0.571,FLOT2,flotillin 2,2319
1365,2533,219088_s_at,0.1671284,0.019,2.42173115,-3.50277,0.703,ZNF576,zinc finger protein 576,79177
1368,2545,203334_at,0.1679424,0.0192,2.41786505,-3.51096,0.861,DHX8,DEAH-box helicase 8,1659
1371,2554,210942_s_at,0.1689817,0.0194,2.41378161,-3.5196,0.553,ST3GAL6,"ST3 beta-galactoside alpha-2,3-sialyltransferase 6",10402
1374,2560,218309_at,0.1693177,0.0195,2.41218758,-3.52297,1.02,CAMK2N1,calcium/calmodulin dependent protein kinase II inhibitor 1,55450
1378,2574,210435_at,0.1717031,0.0198,2.40426695,-3.53969,0.752,ARL17B///ARL17A,ADP ribosylation factor like GTPase 17B///ADP ribosylation factor like GTPase 17A,100506084///51326
1379,2576,207117_at,0.1719928,0.0199,2.4032626,-3.54181,0.703,ZNF117,zinc finger protein 117,51351
1380,2582,218755_at,0.1721791,0.02,2.40179243,-3.54491,1.04,KIF20A,kinesin family member 20A,10112
1381,2587,209071_s_at,0.1733854,0.0201,2.39823264,-3.5524,0.562,RGS5,regulator of G-protein signaling 5,8490
1382,2590,209531_at,0.1736333,0.0202,2.39717566,-3.55463,0.709,GSTZ1,glutathione S-transferase zeta 1,2954
1383,2591,204931_at,0.1736821,0.0202,2.39690334,-3.5552,0.985,TCF21,transcription factor 21,6943
1385,2604,213174_at,0.1751833,0.0205,2.39088147,-3.56785,1.0,TTC9,tetratricopeptide repeat domain 9,23508
1389,2613,208288_at,0.1751833,0.0206,2.38984455,-3.57003,0.665,ABCB11,ATP binding cassette subfamily B member 11,8647
1390,2614,214123_s_at,0.1751833,0.0206,2.38977134,-3.57018,0.752,NOP14-AS1,NOP14 antisense RNA 1,317648
1392,2624,219638_at,0.1762675,0.0208,2.38555345,-3.57903,0.695,FBXO22,F-box protein 22,26263
1393,2626,204915_s_at,0.1765056,0.0208,2.38481667,-3.58057,0.822,SOX11,SRY-box 11,6664
1395,2628,218707_at,0.1768311,0.0209,2.38374971,-3.58281,0.881,ZNF444,zinc finger protein 444,55311
1396,2630,203237_s_at,0.1770748,0.0209,2.38287331,-3.58464,0.507,NOTCH3,notch 3,4854
1397,2640,206798_x_at,0.1775385,0.0211,2.38007767,-3.59049,0.735,DLEC1,deleted in lung and esophageal cancer 1,9940
1398,2643,213449_at,0.1775385,0.0211,2.37977907,-3.59111,0.537,POP1,"POP1 homolog, ribonuclease P/MRP subunit",10940
1400,2647,205820_s_at,0.1776188,0.0211,2.37897324,-3.5928,0.655,APOC3,apolipoprotein C3,345
1401,2648,207324_s_at,0.1776702,0.0211,2.37869956,-3.59337,0.767,DSC1,desmocollin 1,1823
1402,2651,218567_x_at,0.1779386,0.0212,2.3776151,-3.59564,0.597,DPP3,dipeptidyl peptidase 3,10072
1404,2655,204736_s_at,0.1780857,0.0212,2.37664522,-3.59767,0.74,CSPG4,chondroitin sulfate proteoglycan 4,1464
1405,2661,218279_s_at,0.1780857,0.0213,2.37535661,-3.60036,0.561,HIST2H2AA4///HIST2H2AA3,"histone cluster 2, H2aa4///histone cluster 2, H2aa3",723790///8337
1406,2662,221754_s_at,0.1780857,0.0213,2.37530971,-3.60045,0.627,CORO1B,coronin 1B,57175
1408,2666,209346_s_at,0.1781511,0.0213,2.37480874,-3.6015,0.584,PI4K2A,phosphatidylinositol 4-kinase type 2 alpha,55361
1409,2670,218843_at,0.1784815,0.0214,2.37343157,-3.60438,0.921,FNDC4,fibronectin type III domain containing 4,64838
1410,2672,210462_at,0.1794007,0.0215,2.37084147,-3.60978,0.587,BLZF1,basic leucine zipper nuclear factor 1,8548
1411,2674,221730_at,0.1794007,0.0216,2.37040902,-3.61068,0.546,COL5A2,collagen type V alpha 2 chain,1290
1412,2683,214493_s_at,0.1797106,0.0217,2.36845209,-3.61476,0.587,PATJ,"PATJ, crumbs cell polarity complex component",10207
1413,2695,212468_at,0.1808033,0.0219,2.36428047,-3.62344,0.529,SPAG9,sperm associated antigen 9,9043
1414,2699,204534_at,0.1809432,0.0219,2.36323157,-3.62563,0.746,SEBOX///VTN,SEBOX homeobox///vitronectin,645832///7448
1416,2706,212897_at,0.1810515,0.022,2.36203747,-3.62811,0.539,CDK19,cyclin dependent kinase 19,23097
1419,2712,213277_at,0.1816076,0.0221,2.35986048,-3.63263,0.947,ZFP36L1,ZFP36 ring finger protein like 1,677
1420,2715,204441_s_at,0.1824479,0.0222,2.35736329,-3.63782,0.635,POLA2,"DNA polymerase alpha 2, accessory subunit",23649
1421,2718,200841_s_at,0.183102,0.0223,2.35547016,-3.64175,0.596,EPRS,glutamyl-prolyl-tRNA synthetase,2058
1424,2724,218169_at,0.1831233,0.0224,2.35460923,-3.64353,0.663,VAC14,"Vac14, PIKFYVE complex component",55697
1426,2745,222057_at,0.184331,0.0227,2.34872051,-3.65573,0.8,NOL12,nucleolar protein 12,79159
1427,2746,207109_at,0.1845151,0.0227,2.34815705,-3.6569,1.02,POU2F3,POU class 2 homeobox 3,25833
1428,2747,208065_at,0.184571,0.0228,2.34760639,-3.65804,0.924,ST8SIA3,"ST8 alpha-N-acetyl-neuraminide alpha-2,8-sialyltransferase 3",51046
1429,2748,211965_at,0.184571,0.0228,2.34758147,-3.65809,0.604,ZFP36L1,ZFP36 ring finger protein like 1,677
1430,2749,205057_s_at,0.184571,0.0228,2.34758012,-3.65809,0.64,IDUA,"iduronidase, alpha-L-",3425
1431,2755,206925_at,0.1850711,0.0229,2.3455587,-3.66227,0.511,ST8SIA4,"ST8 alpha-N-acetyl-neuraminide alpha-2,8-sialyltransferase 4",7903
1432,2759,204717_s_at,0.1852431,0.0229,2.34457379,-3.66431,0.788,SLC29A2,solute carrier family 29 member 2,3177
1436,2770,220157_x_at,0.1864624,0.0232,2.34010473,-3.67354,0.519,PLEKHA8P1,pleckstrin homology domain containing A8 pseudogene 1,51054
1437,2772,211679_x_at,0.1864624,0.0232,2.33990949,-3.67394,0.937,GABBR2,gamma-aminobutyric acid type B receptor subunit 2,9568
1438,2775,216300_x_at,0.1868042,0.0233,2.33863328,-3.67657,0.642,RARA,retinoic acid receptor alpha,5914
1442,2790,201416_at,0.187569,0.0235,2.33477172,-3.68453,0.574,SOX4,SRY-box 4,6659
1445,2799,202927_at,0.1878421,0.0236,2.33278201,-3.68863,0.53,PIN1,"peptidylprolyl cis/trans isomerase, NIMA-interacting 1",5300
1447,2809,217813_s_at,0.187952,0.0237,2.33110757,-3.69207,0.508,SPIN1,spindlin 1,10927
1448,2810,219669_at,0.1880165,0.0237,2.33081718,-3.69267,0.593,CD177,CD177 molecule,57126
1449,2812,220188_at,0.1884862,0.0238,2.32948484,-3.69541,0.696,JPH3,junctophilin 3,57338
1450,2813,211833_s_at,0.1886163,0.0238,2.32892203,-3.69657,1.01,BAX,"BCL2 associated X, apoptosis regulator",581
1451,2814,217489_s_at,0.1886163,0.0238,2.32890259,-3.69661,0.72,IL6R,interleukin 6 receptor,3570
1452,2819,221701_s_at,0.1891966,0.0239,2.32688761,-3.70075,0.538,STRA6,stimulated by retinoic acid 6,64220
1454,2824,219457_s_at,0.1892924,0.024,2.32552314,-3.70355,0.915,RIN3,Ras and Rab interactor 3,79890
1460,2837,219434_at,0.1899169,0.0242,2.32265868,-3.70943,0.672,TREM1,triggering receptor expressed on myeloid cells 1,54210
1462,2843,205725_at,0.1908047,0.0244,2.31983662,-3.71521,0.738,SCGB1A1,secretoglobin family 1A member 1,7356
1466,2864,208054_at,0.1927967,0.0248,2.31237141,-3.73049,0.649,HERC4,HECT and RLD domain containing E3 ubiquitin protein ligase 4,26091
1468,2870,217576_x_at,0.1929481,0.0249,2.31121414,-3.73286,0.681,SOS2,SOS Ras/Rho guanine nucleotide exchange factor 2,6655
1469,2871,213577_at,0.1929481,0.0249,2.31098462,-3.73333,0.652,SQLE,squalene epoxidase,6713
1473,2875,206503_x_at,0.1930622,0.0249,2.31014259,-3.73505,0.631,PML,promyelocytic leukemia,5371
1474,2876,220505_at,0.1930622,0.0249,2.31011712,-3.7351,0.617,CDKN2A-AS1,CDKN2A antisense RNA 1 (head to head),51198
1475,2878,205531_s_at,0.1932891,0.025,2.30929456,-3.73678,0.775,GLS2,glutaminase 2,27165
1477,2889,211818_s_at,0.1944585,0.0252,2.30517949,-3.74517,0.51,LOC729966///PDE4C,uncharacterized LOC729966///phosphodiesterase 4C,729966///5143
1478,2893,204399_s_at,0.1947654,0.0253,2.30398264,-3.74761,0.746,EML2,echinoderm microtubule associated protein like 2,24139
1479,2894,213157_s_at,0.1951946,0.0254,2.30280506,-3.75001,0.584,LOC339166///WSCD1,uncharacterized LOC339166///WSC domain containing 1,339166///23302
1482,2899,220279_at,0.1952049,0.0254,2.30207099,-3.75151,0.707,TRIM17,tripartite motif containing 17,51127
1483,2901,206267_s_at,0.1952866,0.0254,2.30166608,-3.75233,0.606,MATK,megakaryocyte-associated tyrosine kinase,4145
1485,2915,207848_at,0.1966941,0.0257,2.29652834,-3.76278,0.738,AVP,arginine vasopressin,551
1488,2920,214248_s_at,0.1970132,0.0258,2.29511631,-3.76565,0.587,TRIM2,tripartite motif containing 2,23321
1489,2921,207644_at,0.1970132,0.0258,2.29509064,-3.76571,0.657,FOXH1,forkhead box H1,8928
1490,2927,214980_at,0.1972359,0.0259,2.29380919,-3.76831,0.582,UBE3A,ubiquitin protein ligase E3A,7337
1491,2929,217755_at,0.1972652,0.0259,2.29346047,-3.76902,0.783,HN1,hematological and neurological expressed 1,51155
1492,2930,211352_s_at,0.1977061,0.026,2.2922767,-3.77142,0.576,NCOA3,nuclear receptor coactivator 3,8202
1494,2932,202639_s_at,0.1977061,0.026,2.29199769,-3.77199,0.598,RANBP3,RAN binding protein 3,8498
1496,2941,212879_x_at,0.1983088,0.0262,2.28928482,-3.77749,0.567,PIAS4,protein inhibitor of activated STAT 4,51588
1499,2947,203716_s_at,0.1983635,0.0262,2.28855858,-3.77896,1.64,DPP4,dipeptidyl peptidase 4,1803
1500,2949,213913_s_at,0.1986027,0.0263,2.28772673,-3.78065,0.517,TBC1D30,TBC1 domain family member 30,23329
1501,2950,218141_at,0.1986027,0.0263,2.28762495,-3.78085,0.645,UBE2O,ubiquitin conjugating enzyme E2 O,63893
1502,2955,204133_at,0.1991633,0.0264,2.28572903,-3.78469,0.639,RRP9,"ribosomal RNA processing 9, small subunit (SSU) processome component, homolog (yeast)",9136
1503,2961,216017_s_at,0.1998371,0.0266,2.28338381,-3.78944,0.934,NAB2,NGFI-A binding protein 2,4665
1505,2964,203631_s_at,0.1998784,0.0266,2.28284928,-3.79052,0.554,GPRC5B,G protein-coupled receptor class C group 5 member B,51704
1506,2979,205485_at,0.2008097,0.0269,2.27878248,-3.79874,0.924,RYR1,ryanodine receptor 1,6261
1508,2984,209070_s_at,0.2014598,0.027,2.27679482,-3.80276,0.513,RGS5,regulator of G-protein signaling 5,8490
1510,2989,210560_at,0.201829,0.0271,2.27531363,-3.80574,0.674,GBX2,gastrulation brain homeobox 2,2637
1512,2993,215429_s_at,0.2018625,0.0271,2.27453289,-3.80732,0.717,ZNF428,zinc finger protein 428,126299
1514,2996,210274_at,0.2018625,0.0271,2.27426212,-3.80787,0.534,MAGEA8,MAGE family member A8,4107
1515,2998,204869_at,0.202097,0.0272,2.27349114,-3.80942,1.48,PCSK2,proprotein convertase subtilisin/kexin type 2,5126
1517,3004,218860_at,0.2025183,0.0273,2.27176969,-3.81289,0.519,NOC4L,nucleolar complex associated 4 homolog,79050
1519,3006,214625_s_at,0.2032801,0.0274,2.26990433,-3.81665,0.591,MINK1,misshapen like kinase 1,50488
1520,3008,210709_at,0.2035728,0.0275,2.26901609,-3.81844,0.814,ZC3H15,zinc finger CCCH-type containing 15,55854
1521,3011,208583_x_at,0.203712,0.0275,2.26823848,-3.82,0.596,HIST1H2AJ,"histone cluster 1, H2aj",8331
1523,3022,209735_at,0.2044816,0.0277,2.26516951,-3.82617,0.508,ABCG2,ATP binding cassette subfamily G member 2 (Junior blood group),9429
1525,3028,209360_s_at,0.2047779,0.0278,2.26372299,-3.82908,1.06,LOC101928269///LOC100506403///RUNX1,uncharacterized LOC101928269///uncharacterized LOC100506403///runt related transcription factor 1,101928269///100506403///861
1527,3037,208797_s_at,0.205486,0.028,2.2609301,-3.83469,0.619,GOLGA8A,golgin A8 family member A,23015
1529,3051,206951_at,0.2065022,0.0283,2.25697291,-3.84263,0.636,HIST1H4E,"histone cluster 1, H4e",8367
1533,3056,220552_at,0.2069348,0.0284,2.25539281,-3.84579,0.945,TRPC5,transient receptor potential cation channel subfamily C member 5,7224
1534,3060,203047_at,0.2070402,0.0284,2.25454652,-3.84749,0.691,STK10,serine/threonine kinase 10,6793
1541,3080,204463_s_at,0.2078824,0.0288,2.2499813,-3.85662,0.523,EDNRA,endothelin receptor type A,1909
1545,3102,214958_s_at,0.2088934,0.0291,2.24505288,-3.86646,0.603,TMC6,transmembrane channel like 6,11322
1546,3105,217545_at,0.2090154,0.0291,2.24439843,-3.86777,0.607,MYH14,"myosin, heavy chain 14, non-muscle",79784
1548,3107,214371_at,0.2091824,0.0292,2.24370934,-3.86914,0.503,TSSK2,testis specific serine kinase 2,23617
1552,3118,211792_s_at,0.2102118,0.0294,2.24018403,-3.87617,0.51,CDKN2C,cyclin dependent kinase inhibitor 2C,1031
1554,3122,220927_s_at,0.2103273,0.0295,2.23941572,-3.8777,0.562,HPSE2,heparanase 2 (inactive),60495
1555,3123,211381_x_at,0.2104491,0.0295,2.23902666,-3.87848,0.577,SPAG11A///SPAG11B,sperm associated antigen 11A///sperm associated antigen 11B,653423///10407
1557,3127,210106_at,0.2106345,0.0296,2.23811352,-3.8803,0.82,BLOC1S1-RDH5///RDH5,BLOC1S1-RDH5 readthrough///retinol dehydrogenase 5,100528022///5959
1560,3140,220369_at,0.2121595,0.0299,2.23327333,-3.88992,0.735,PPP4R3A,protein phosphatase 4 regulatory subunit 3A,55671
1562,3147,218349_s_at,0.2124298,0.03,2.23167932,-3.89309,0.891,ZWILCH,zwilch kinetochore protein,55055
1564,3155,206886_x_at,0.2128386,0.0302,2.22979151,-3.89684,0.518,GH1,growth hormone 1,2688
1568,3167,203004_s_at,0.2141665,0.0305,2.2255283,-3.90529,0.532,MEF2D,myocyte enhancer factor 2D,4209
1569,3170,211213_at,0.2143132,0.0305,2.22473501,-3.90686,1.09,ORC5,origin recognition complex subunit 5,5001
1571,3179,215219_at,0.2147841,0.0307,2.22267658,-3.91094,0.697,DOPEY2,dopey family member 2,9980
1573,3200,204286_s_at,0.2162781,0.0311,2.21697462,-3.92221,1.42,PMAIP1,phorbol-12-myristate-13-acetate-induced protein 1,5366
1577,3211,209528_s_at,0.2171506,0.0313,2.21369793,-3.92868,0.582,TELO2,telomere maintenance 2,9894
1578,3220,205459_s_at,0.2177989,0.0315,2.21120409,-3.9336,0.513,NPAS2,neuronal PAS domain protein 2,4862
1579,3222,218856_at,0.2177989,0.0315,2.21098862,-3.93402,1.08,TNFRSF21,TNF receptor superfamily member 21,27242
1580,3225,211887_x_at,0.2177989,0.0315,2.21056422,-3.93486,0.67,MSR1,macrophage scavenger receptor 1,4481
1584,3240,222265_at,0.2179226,0.0317,2.2084036,-3.93912,0.755,TNS4,tensin 4,84951
1585,3250,217312_s_at,0.2185228,0.0319,2.20589998,-3.94404,0.66,COL7A1,collagen type VII alpha 1 chain,1294
1592,3272,211791_s_at,0.219751,0.0323,2.20047011,-3.95471,0.627,KCNAB2,potassium voltage-gated channel subfamily A regulatory beta subunit 2,8514
1593,3273,215310_at,0.219751,0.0323,2.20035704,-3.95493,0.502,APC,"APC, WNT signaling pathway regulator",324
1596,3276,213150_at,0.2201621,0.0324,2.19926296,-3.95708,0.845,HOXA10,homeobox A10,3206
1597,3278,217711_at,0.2203662,0.0324,2.19860172,-3.95838,0.533,TEK,TEK receptor tyrosine kinase,7010
1598,3279,213241_at,0.2205015,0.0325,2.19820621,-3.95916,0.825,PLXNC1,plexin C1,10154
1601,3283,211003_x_at,0.2207545,0.0325,2.1971446,-3.96124,0.909,TGM2,transglutaminase 2,7052
1606,3292,210828_s_at,0.2216231,0.0328,2.19429821,-3.96682,0.782,ARNT,aryl hydrocarbon receptor nuclear translocator,405
1608,3297,210510_s_at,0.2217438,0.0328,2.1934297,-3.96852,0.795,NRP1,neuropilin 1,8829
1609,3303,204760_s_at,0.22182,0.0329,2.19241153,-3.97051,1.35,NR1D1///THRA,"nuclear receptor subfamily 1 group D member 1///thyroid hormone receptor, alpha",9572///7067
1610,3306,206413_s_at,0.2219374,0.0329,2.19187868,-3.97155,0.587,TCL1B,T-cell leukemia/lymphoma 1B,9623
1611,3309,210678_s_at,0.2222019,0.033,2.19097406,-3.97332,0.561,AGPAT2,1-acylglycerol-3-phosphate O-acyltransferase 2,10555
1613,3314,214655_at,0.222867,0.0332,2.18881884,-3.97754,0.747,GPR6,G protein-coupled receptor 6,2830
1614,3316,219525_at,0.222867,0.0332,2.18877359,-3.97763,1.26,SLC47A1,solute carrier family 47 member 1,55244
1615,3323,207511_s_at,0.2234253,0.0333,2.18668889,-3.9817,0.582,CNPPD1,cyclin Pas1/PHO80 domain containing 1,27013
1616,3324,212647_at,0.2234253,0.0333,2.18665379,-3.98177,0.522,RRAS,related RAS viral (r-ras) oncogene homolog,6237
1617,3340,220013_at,0.225272,0.0338,2.1809963,-3.9928,0.622,EPHX3,epoxide hydrolase 3,79852
1620,3365,208547_at,0.2272415,0.0343,2.17402777,-4.00637,0.503,HIST1H2BB,"histone cluster 1, H2bb",3018
1622,3371,214484_s_at,0.227565,0.0344,2.17249905,-4.00934,0.52,SIGMAR1,sigma non-opioid intracellular receptor 1,10280
1623,3385,205897_at,0.229048,0.0348,2.16797044,-4.01813,0.559,NFATC4,nuclear factor of activated T-cells 4,4776
1624,3386,203180_at,0.229048,0.0348,2.1678969,-4.01827,1.29,ALDH1A3,aldehyde dehydrogenase 1 family member A3,220
1626,3391,211790_s_at,0.2294151,0.0349,2.16656134,-4.02086,0.793,KMT2D,lysine methyltransferase 2D,8085
1627,3392,218890_x_at,0.2294619,0.035,2.1661424,-4.02167,0.902,MRPL35,mitochondrial ribosomal protein L35,51318
1628,3394,212686_at,0.2294619,0.035,2.16608887,-4.02178,0.576,PPM1H,"protein phosphatase, Mg2+/Mn2+ dependent 1H",57460
1630,3396,207633_s_at,0.2301049,0.0351,2.16461783,-4.02463,0.661,MUSK,muscle associated receptor tyrosine kinase,4593
1633,3418,212484_at,0.2308463,0.0354,2.16041352,-4.03276,0.534,FAM89B,family with sequence similarity 89 member B,23625
1634,3420,205954_at,0.2309908,0.0355,2.15984244,-4.03387,0.798,RXRG,retinoid X receptor gamma,6258
1637,3429,217681_at,0.2321717,0.0357,2.15652422,-4.04028,0.787,WNT7B,Wnt family member 7B,7477
1640,3439,218274_s_at,0.2330035,0.036,2.15369853,-4.04573,0.781,ANKZF1,ankyrin repeat and zinc finger domain containing 1,55139
1646,3452,202827_s_at,0.2341839,0.0363,2.1498508,-4.05315,0.846,MMP14,matrix metallopeptidase 14,4323
1650,3464,203838_s_at,0.2347416,0.0365,2.14729901,-4.05806,0.767,TNK2,tyrosine kinase non receptor 2,10188
1652,3468,214463_x_at,0.2348274,0.0366,2.14663574,-4.05933,0.75,HIST1H4J,"histone cluster 1, H4j",8363
1654,3485,209843_s_at,0.2362294,0.037,2.14189919,-4.06844,0.586,SOX10,SRY-box 10,6663
1655,3487,206367_at,0.2365197,0.037,2.14109052,-4.06999,0.68,REN,renin,5972
1658,3496,215663_at,0.2369144,0.0372,2.13895749,-4.07408,0.797,MBNL1,muscleblind like splicing regulator 1,4154
1661,3506,205826_at,0.2377111,0.0374,2.13653543,-4.07872,0.71,MYOM2,myomesin 2,9172
1662,3508,220010_at,0.2382929,0.0375,2.13514525,-4.08139,0.57,KCNE5,potassium voltage-gated channel subfamily E regulatory subunit 5,23630
1663,3509,210809_s_at,0.2382929,0.0375,2.13502002,-4.08163,0.712,POSTN,periostin,10631
1664,3518,204898_at,0.2382929,0.0376,2.13384261,-4.08388,0.571,SAP30,Sin3A associated protein 30,8819
1665,3519,211165_x_at,0.2382929,0.0377,2.13362546,-4.0843,0.548,EPHB2,EPH receptor B2,2048
1666,3522,205210_at,0.2382929,0.0377,2.13347069,-4.08459,0.772,TGFBRAP1,transforming growth factor beta receptor associated protein 1,9392
1667,3529,210921_at,0.2389031,0.0378,2.13147939,-4.0884,0.752,LOC101929078,"myb-related transcription factor, partner of profilin-like",101929078
1668,3530,222294_s_at,0.2389767,0.0379,2.13117634,-4.08898,0.582,RAB27A,"RAB27A, member RAS oncogene family",5873
1669,3531,219082_at,0.2389767,0.0379,2.13107493,-4.08917,0.761,CEMP1///AMDHD2,cementum protein 1///amidohydrolase domain containing 2,752014///51005
1675,3546,211306_s_at,0.239736,0.0382,2.12784479,-4.09535,0.572,FCAR,Fc fragment of IgA receptor,2204
1678,3566,216030_s_at,0.2412238,0.0386,2.12265718,-4.10524,0.787,SEMG2,semenogelin II,6407
1679,3567,220659_s_at,0.2414126,0.0387,2.12218999,-4.10613,0.603,C7orf43,chromosome 7 open reading frame 43,55262
1681,3572,217077_s_at,0.2417869,0.0388,2.12089294,-4.1086,0.93,GABBR2,gamma-aminobutyric acid type B receptor subunit 2,9568
1682,3576,206330_s_at,0.2419975,0.0388,2.12001793,-4.11027,0.679,SHC3,SHC adaptor protein 3,53358
1683,3577,217818_s_at,0.242221,0.0389,2.11948877,-4.11128,0.625,ARPC4,actin related protein 2/3 complex subunit 4,10093
1685,3584,204515_at,0.2427607,0.0391,2.11764902,-4.11478,0.759,HSD3B1,"hydroxy-delta-5-steroid dehydrogenase, 3 beta- and steroid delta-isomerase 1",3283
1686,3587,212935_at,0.2431086,0.0391,2.11665028,-4.11668,0.617,MCF2L,MCF.2 cell line derived transforming sequence like,23263
1691,3600,210233_at,0.2442206,0.0395,2.11304102,-4.12353,0.862,IL1RAP,interleukin 1 receptor accessory protein,3556
1693,3605,221894_at,0.2443651,0.0395,2.11217373,-4.12518,0.534,ADCK2,aarF domain containing kinase 2,90956
1695,3626,212384_at,0.2457195,0.04,2.10715159,-4.1347,0.624,ATP6V1G2-DDX39B///SNORD84///DDX39B,"ATP6V1G2-DDX39B readthrough (NMD candidate)///small nucleolar RNA, C/D box 84///DEAD-box helicase 39B",100532737///692199///7919
1698,3637,210095_s_at,0.247764,0.0405,2.10217342,-4.14412,0.71,IGFBP3,insulin like growth factor binding protein 3,3486
1699,3638,205572_at,0.2479289,0.0405,2.10175761,-4.1449,0.561,ANGPT2,angiopoietin 2,285
1701,3642,219339_s_at,0.2481439,0.0406,2.10085319,-4.14661,0.51,EHMT1,euchromatic histone lysine methyltransferase 1,79813
1705,3670,208586_s_at,0.2497801,0.0412,2.0944995,-4.1586,0.86,SSX4B///SSX4,SSX family member 4B///SSX family member 4,548313///6759
1708,3680,206119_at,0.2497801,0.0413,2.09297224,-4.16148,0.561,BHMT,betaine--homocysteine S-methyltransferase,635
1711,3697,210654_at,0.2509969,0.0417,2.08903497,-4.16889,0.721,TNFRSF10D,TNF receptor superfamily member 10d,8793
1716,3713,219152_at,0.2513127,0.0419,2.08660006,-4.17347,0.718,PODXL2,podocalyxin like 2,50512
1717,3714,214469_at,0.2513127,0.0419,2.08658858,-4.17349,0.879,HIST1H2AE,"histone cluster 1, H2ae",3012
1718,3716,211182_x_at,0.2514954,0.042,2.08598304,-4.17462,0.619,LOC101928269///LOC100506403///RUNX1,uncharacterized LOC101928269///uncharacterized LOC100506403///runt related transcription factor 1,101928269///100506403///861
1719,3717,221013_s_at,0.2514954,0.042,2.08590724,-4.17477,0.542,APOL2,apolipoprotein L2,23780
1720,3718,212620_at,0.2515593,0.042,2.08567125,-4.17521,0.534,ZNF609,zinc finger protein 609,23060
1723,3731,217644_s_at,0.2515593,0.0421,2.08407037,-4.17822,0.517,SOS2,SOS Ras/Rho guanine nucleotide exchange factor 2,6655
1728,3745,213668_s_at,0.2529067,0.0425,2.08008295,-4.18569,0.923,SOX4,SRY-box 4,6659
1729,3746,219582_at,0.253008,0.0425,2.0797422,-4.18633,0.551,OGFRL1,opioid growth factor receptor like 1,79627
1730,3752,207584_at,0.2531121,0.0427,2.07867166,-4.18834,0.706,LPA,lipoprotein(a),4018
1733,3768,216768_x_at,0.254324,0.043,2.07486807,-4.19545,0.642,TTC38,tetratricopeptide repeat domain 38,55020
1734,3769,205449_at,0.254343,0.043,2.07467865,-4.19581,1.0,SAC3D1,SAC3 domain containing 1,29901
1739,3799,205179_s_at,0.2564814,0.0437,2.06744358,-4.20931,0.657,ADAM8,ADAM metallopeptidase domain 8,101
1740,3801,214490_at,0.2566212,0.0438,2.06696589,-4.2102,0.588,ARSF,arylsulfatase F,416
1744,3813,204242_s_at,0.2580153,0.0442,2.06302074,-4.21755,0.707,ACOX3,"acyl-CoA oxidase 3, pristanoyl",8310
1745,3814,220793_at,0.2580153,0.0442,2.06301841,-4.21756,0.736,SAGE1,sarcoma antigen 1,55511
1749,3826,205593_s_at,0.2584796,0.0444,2.06080901,-4.22166,0.96,PDE9A,phosphodiesterase 9A,5152
1751,3828,221598_s_at,0.258656,0.0445,2.06019293,-4.22281,0.52,MED27,mediator complex subunit 27,9442
1752,3830,213672_at,0.2586669,0.0445,2.06001731,-4.22314,0.658,MIR6758///MARS,microRNA 6758///methionyl-tRNA synthetase,102465454///4141
1756,3851,219878_s_at,0.2601348,0.045,2.05503331,-4.23239,0.857,KLF13,Kruppel like factor 13,51621
1757,3863,210519_s_at,0.2605374,0.0452,2.05294501,-4.23626,0.671,NQO1,NAD(P)H quinone dehydrogenase 1,1728
1760,3875,209990_s_at,0.2609826,0.0454,2.05070341,-4.24041,0.896,GABBR2,gamma-aminobutyric acid type B receptor subunit 2,9568
1765,3890,215085_x_at,0.2628114,0.0459,2.04584444,-4.2494,0.693,DLEC1,deleted in lung and esophageal cancer 1,9940
1769,3907,204493_at,0.263914,0.0463,2.04198306,-4.25653,0.842,BID,BH3 interacting domain death agonist,637
1770,3914,207091_at,0.2643608,0.0464,2.0405054,-4.25925,0.712,P2RX7,purinergic receptor P2X 7,5027
1771,3918,207548_at,0.2645786,0.0465,2.0395502,-4.26101,0.608,LOC100996542///GRM7,uncharacterized LOC100996542///glutamate metabotropic receptor 7,100996542///2917
1772,3926,207006_s_at,0.2647238,0.0467,2.03843001,-4.26308,0.706,CCDC106,coiled-coil domain containing 106,29903
1776,3937,201942_s_at,0.2657671,0.047,2.03537467,-4.2687,0.729,CPD,carboxypeptidase D,1362
1777,3939,221926_s_at,0.2659005,0.047,2.03502041,-4.26935,0.617,IL17RC,interleukin 17 receptor C,84818
1778,3940,204840_s_at,0.265904,0.047,2.03489914,-4.26958,0.765,EEA1,early endosome antigen 1,8411
1780,3949,219203_at,0.2660728,0.0472,2.03358491,-4.27199,0.812,EMC9,ER membrane protein complex subunit 9,51016
1781,3953,220462_at,0.2661954,0.0472,2.03281576,-4.27341,0.952,CSRNP3,cysteine and serine rich nuclear protein 3,80034
1782,3955,212529_at,0.2663685,0.0473,2.0322759,-4.2744,0.662,LSM12,LSM12 homolog,124801
1783,3965,204357_s_at,0.2668441,0.0475,2.03045368,-4.27775,0.85,LIMK1,LIM domain kinase 1,3984
1784,3971,211350_s_at,0.2674095,0.0477,2.0287795,-4.28082,0.588,KIF25-AS1,KIF25 antisense RNA 1,100505879
1785,3973,211803_at,0.2674095,0.0477,2.02855958,-4.28122,0.733,CDK2,cyclin dependent kinase 2,1017
1787,3983,214579_at,0.2682132,0.048,2.02609509,-4.28574,0.606,NIPAL3,NIPA like domain containing 3,57185
1788,4002,210362_x_at,0.2692403,0.0484,2.02221263,-4.29285,0.764,PML,promyelocytic leukemia,5371
1789,4003,204328_at,0.2692403,0.0484,2.02210031,-4.29306,0.531,TMC6,transmembrane channel like 6,11322
1791,4010,202002_at,0.2700345,0.0486,2.01987373,-4.29713,0.612,ACAA2,acetyl-CoA acyltransferase 2,10449
1792,4019,214510_at,0.2705032,0.0488,2.01817405,-4.30023,0.626,GPR20,G protein-coupled receptor 20,2843
1796,4043,214360_at,0.2725476,0.0495,2.01190387,-4.31167,0.669,SMARCA4,"SWI/SNF related, matrix associated, actin dependent regulator of chromatin, subfamily a, member 4",6597
1799,4065,213781_at,0.2735794,0.0499,2.00773195,-4.31926,0.862,PPP1R37,protein phosphatase 1 regulatory subunit 37,284352
1800,4073,219019_at,0.2736876,0.05,2.00680263,-4.32095,0.558,PIDD1,p53-induced death domain protein 1,55367
